id,category_id,name,one,unit,unit_value,hundred,measurement,note,created_at,updated_at
5,5,Amareto,0.5700,35,19.8000,56.6000,ml,35 ml = 1 shotglas,2021-04-26 17:21:46,2021-04-26 17:21:46
15,5,Bacardi Razz,0.1000,35,3.5000,10.0000,ml,35 ml = 1 shotglas,2021-04-26 17:21:46,2021-04-26 17:21:46
25,5,Baileys,0.2500,35,8.8000,25.0000,ml,35 ml = 1 shotglas,2021-04-26 17:21:46,2021-04-26 17:21:46
35,5,"Bier, alcoholvrij",0.0300,250,8.5000,3.4000,ml,250 ml = 1 flesje,2021-04-26 17:21:46,2021-04-26 17:21:46
45,5,"Bier, kriek",0.0300,250,8.0000,3.2000,ml,250 ml = 1 flesje,2021-04-26 17:21:46,2021-04-26 17:21:46
55,5,"Bier, pils",0.0300,250,8.5000,3.4000,ml,250 ml = 1 flesje,2021-04-26 17:21:46,2021-04-26 17:21:46
65,5,"Bier, trapist",0.0400,330,14.2000,4.3000,ml,330 ml = 1 flesje,2021-04-26 17:21:46,2021-04-26 17:21:46
75,5,Champagne,0.0100,100,1.4000,1.4000,ml,100 ml = 1 cava glas,2021-04-26 17:21:46,2021-04-26 17:21:46
85,5,"Cider bosvruchten 0,5% (Stasse®)",0.0700,100,6.8000,6.8000,ml,100 ml =  cava glas,2021-04-26 17:21:46,2021-04-26 17:21:46
95,5,Gin,0.0000,35,0.0000,0.0000,ml,35 ml = 1 shotglas,2021-04-26 17:21:46,2021-04-26 17:21:46
105,5,Jenever,0.0000,35,0.0000,0.0000,ml,35 ml = 1 shotglas,2021-04-26 17:21:46,2021-04-26 17:21:46
115,5,Malibu®,0.0000,35,0.0000,0.0000,ml,35 ml = 1 shotglas,2021-04-26 17:21:46,2021-04-26 17:21:46
125,5,Passoa®,0.3600,35,12.7000,36.3000,ml,35 ml = 1 shotglas,2021-04-26 17:21:46,2021-04-26 17:21:46
135,5,Porto,0.1000,75,7.5000,10.0000,ml,75 ml = 1 glas,2021-04-26 17:21:46,2021-04-26 17:21:46
145,5,Sangria wit/rood,0.1600,200,32.6000,16.3000,ml,200 ml = 1 glas,2021-04-26 17:21:46,2021-04-26 17:21:46
155,5,Whisky,0.0000,35,0.0000,0.0000,ml,35 ml = 1 klein glas,2021-04-26 17:21:46,2021-04-26 17:21:46
165,5,"Wijn, rood",0.0000,125,0.3000,0.2000,ml,125 ml = 1 wijnglas,2021-04-26 17:21:46,2021-04-26 17:21:46
175,5,"Wijn, rose",0.0300,125,3.1000,2.5000,ml,125 ml = 1 wijnglas,2021-04-26 17:21:46,2021-04-26 17:21:46
185,5,"Wijn, schuimwijn",0.0200,100,2.4000,2.4000,ml,100 ml = 1 cava glas,2021-04-26 17:21:46,2021-04-26 17:21:46
195,5,"Wijn, wit droog",0.0100,125,0.8000,0.6000,ml,125 ml = 1 wijnglas,2021-04-26 17:21:46,2021-04-26 17:21:46
205,5,"Wijn, wit zoet",0.0600,125,7.4000,5.9000,ml,125 ml = 1 wijnglas,2021-04-26 17:21:46,2021-04-26 17:21:46
215,15,Aperol spritz,0.0710,140,10.0000,7.1000,ml,1 glas,2021-04-26 17:21:46,2021-04-26 17:21:46
225,15,Bacardi cola,0.1100,250,27.5000,11.0000,ml,1 blikje,2021-04-26 17:21:46,2021-04-26 17:21:46
235,15,Gin & tonic,0.0630,250,15.7700,6.3000,ml,1 longdrink,2021-04-26 17:21:46,2021-04-26 17:21:46
245,15,Mojito (aangelegd met bruiswater),0.0500,250,12.5000,5.0000,ml,1 longdrink,2021-04-26 17:21:46,2021-04-26 17:21:46
255,15,Pina Colada,0.0297,250,7.4300,2.9700,ml,1 longdrink,2021-04-26 17:21:46,2021-04-26 17:21:46
265,15,Sex on the beach,0.0296,250,7.4000,2.9600,ml,1 longdrink,2021-04-26 17:21:46,2021-04-26 17:21:46
275,15,Smirnoff ice ®,0.0830,275,23.0000,8.3000,ml,1 flesje,2021-04-26 17:21:47,2021-04-26 17:21:47
285,15,Tequila sunrise,0.0590,250,14.7700,5.9000,ml,1 longdrink,2021-04-26 17:21:47,2021-04-26 17:21:47
295,15,Vodka blue,0.1050,275,29.0000,10.5000,ml,1 flesje,2021-04-26 17:21:47,2021-04-26 17:21:47
305,25,Bami Goreng,0.2100,330,68.0000,20.6000,gr,330 gram= 1 portie,2021-04-26 17:21:47,2021-04-26 17:21:47
315,25,Carpaccio van rund,0.0000,100,0.4000,0.4000,gr,100 gram= 1 portie,2021-04-26 17:21:47,2021-04-26 17:21:47
325,25,Croque Monsieur,0.2000,135,27.4000,20.3000,gr,135 gram = 1 stuk,2021-04-26 17:21:47,2021-04-26 17:21:47
335,25,"Garnaalkroketten, Iglo",0.1800,50,9.0000,18.0000,gr,50 gram= 1 stuk,2021-04-26 17:21:47,2021-04-26 17:21:47
345,25,"Hamburger, Quick",0.2900,108,31.8000,29.4000,gr,108 gram= 1 stuk,2021-04-26 17:21:47,2021-04-26 17:21:47
355,25,Hot-Dog,0.1700,115,19.2000,16.7000,gr,115 gram= 1 portie,2021-04-26 17:21:47,2021-04-26 17:21:47
365,25,Kaasbroodje,0.4800,130,62.4000,48.0000,gr,130 gram= 1 stuk,2021-04-26 17:21:47,2021-04-26 17:21:47
375,25,Kaaskroket,0.1900,50,9.7000,19.4000,gr,50 gram= 1 stuk,2021-04-26 17:21:47,2021-04-26 17:21:47
385,25,Lasagne Bolognese,0.1200,400,48.0000,12.0000,gr,400 gram= 1 portie,2021-04-26 17:21:47,2021-04-26 17:21:47
395,25,Loempia kip,0.2000,165,32.7000,19.8000,gr,165 gram= 1 portie,2021-04-26 17:21:47,2021-04-26 17:21:47
405,25,Macaroni kaas-ham,0.1500,450,67.5000,15.0000,gr,450 gram= 1 portie,2021-04-26 17:21:47,2021-04-26 17:21:47
415,25,Nasi Goreng,0.1600,375,59.3000,15.8000,gr,375 gram= 1 portie,2021-04-26 17:21:47,2021-04-26 17:21:47
425,25,"Noedels Instant, kip",0.6400,60,38.4000,64.0000,gr,60 gram= 1 portie,2021-04-26 17:21:47,2021-04-26 17:21:47
435,25,Pizza Margherita,0.2500,460,115.9000,25.2000,gr,460 gram= 1 stuk,2021-04-26 17:21:47,2021-04-26 17:21:47
445,25,Quiche Lorraine,0.1900,175,33.6000,19.2000,gr,175 gram= 1 stuk,2021-04-26 17:21:47,2021-04-26 17:21:47
455,25,Sushi,0.2400,30,7.3000,24.3000,gr,30 gram= 1 stuk,2021-04-26 17:21:47,2021-04-26 17:21:47
465,25,Vol-au-vent,0.0400,250,11.0000,4.4000,gr,250 gram= 1 portie middelgroot,2021-04-26 17:21:47,2021-04-26 17:21:47
475,25,Worstenbroodje/curryrol,0.3200,80,25.6000,32.0000,gr,80 gram= 1 stuk,2021-04-26 17:21:47,2021-04-26 17:21:47
485,25,Wrap met kip,0.2200,210,45.8000,21.8000,gr,210 gram= 1 portie,2021-04-26 17:21:47,2021-04-26 17:21:47
495,35,"Brood, bruin",0.4700,30,14.0000,46.7000,gr,30 gram =1 snede,2021-04-26 17:21:47,2021-04-26 17:21:47
505,35,"Brood, wit",0.5100,30,15.4000,51.2000,gr,30 gram= 1 snede,2021-04-26 17:21:47,2021-04-26 17:21:47
515,35,"Brood, volkoren",0.4200,30,12.6000,41.9000,gr,30 gram= 1 snede,2021-04-26 17:21:47,2021-04-26 17:21:47
525,35,"Brood, meergranen",0.4400,30,13.3000,44.4000,gr,30 gram= 1 snede,2021-04-26 17:21:47,2021-04-26 17:21:47
535,35,"Brood, Turks",0.5200,50,26.1000,52.1000,gr,"50 gram= 1/8ste , 1 volledig = 400 gram",2021-04-26 17:21:47,2021-04-26 17:21:47
545,35,"Brood, suiker",0.6300,30,18.8000,62.8000,gr,30 gram= 1 snede,2021-04-26 17:21:47,2021-04-26 17:21:47
555,35,"Brood, rogge",0.4800,70,34.0000,48.0000,gr,70 gram = 1 snede (dik),2021-04-26 17:21:47,2021-04-26 17:21:47
565,35,"Brood, rozijnen",0.5400,30,16.0000,54.0000,gr,30 gram= 1 snede,2021-04-26 17:21:47,2021-04-26 17:21:47
575,35,"Brood, noten",0.2900,30,8.6000,28.7000,gr,30 gram= 1 snede,2021-04-26 17:21:47,2021-04-26 17:21:47
585,35,"Beschuit, rond",0.7600,10,8.0000,76.0000,gr,10 gram= 1 stuk,2021-04-26 17:21:48,2021-04-26 17:21:48
595,35,Cracotte,0.7600,7,5.3000,76.0000,gr,7 gram= 1 stuk,2021-04-26 17:21:48,2021-04-26 17:21:48
605,35,Toast vierkant,0.7200,8,5.8000,72.2000,gr,8 gram= 1 stuk,2021-04-26 17:21:48,2021-04-26 17:21:48
615,35,Toast melba (vierkant),0.7200,4,2.5000,72.2000,gr,"3,5 gram= 1 stuk, 1 pakje = 20 gram",2021-04-26 17:21:48,2021-04-26 17:21:48
625,35,Knäckebröd,0.6200,11,6.8000,62.0000,gr,11 gram= 1 stuk,2021-04-26 17:21:48,2021-04-26 17:21:48
635,35,"Stokbrood, wit",0.5200,10,5.2000,51.8000,gr,10 gram= 2/3 cm,2021-04-26 17:21:48,2021-04-26 17:21:48
645,35,"Stokbrood, bruin",0.5100,10,5.1000,51.3000,gr,10 gram= 2/3 cm,2021-04-26 17:21:48,2021-04-26 17:21:48
655,35,"Sandwich, wit",0.5000,45,22.5000,50.0000,gr,45 gram= 1 stuk,2021-04-26 17:21:48,2021-04-26 17:21:48
665,35,"Sandwich, bruin",0.4100,45,18.5000,41.0000,gr,45 gram= 1 stuk,2021-04-26 17:21:48,2021-04-26 17:21:48
675,35,"Piccollo, wit",0.5900,40,23.5000,58.7000,gr,40 gram= 1 stuk,2021-04-26 17:21:48,2021-04-26 17:21:48
685,35,"Piccollo, bruin",0.5300,40,21.2000,53.0000,gr,40 gram= stuk,2021-04-26 17:21:48,2021-04-26 17:21:48
695,35,"Pistolet, wit",0.5500,45,24.8000,55.0000,gr,45 gram= 1 stuk,2021-04-26 17:21:48,2021-04-26 17:21:48
705,35,"Keizerbroodje, wit",0.5800,45,26.2000,58.2000,gr,45 gram= 1 stuk,2021-04-26 17:21:48,2021-04-26 17:21:48
715,35,melkbroodje,0.4400,40,17.6000,44.0000,gr,40 gram= 1 stuk,2021-04-26 17:21:48,2021-04-26 17:21:48
725,35,"pitabroodje, klein",0.5100,50,25.7000,51.4000,gr,50 gram= 1 stuk,2021-04-26 17:21:48,2021-04-26 17:21:48
735,35,"Pitabroodje, groot",0.5100,80,41.1000,51.4000,gr,80 gram= 1 stuk,2021-04-26 17:21:48,2021-04-26 17:21:48
745,35,Tortilla wrap,0.5400,62,33.5000,54.0000,gr,62 gram= 1 stuk,2021-04-26 17:21:48,2021-04-26 17:21:48
755,35,Tortilla wrap volkoren,0.4600,62,28.5000,46.0000,gr,62 gram= 1 stuk,2021-04-26 17:21:48,2021-04-26 17:21:48
765,35,Tortilla wrap paprika & chilli,0.3800,40,15.0000,37.5000,gr,40 gram= 1 stuk,2021-04-26 17:21:48,2021-04-26 17:21:48
775,35,Tortilla wrap wortel,0.3800,40,15.1000,37.7000,gr,40 gram= 1 stuk,2021-04-26 17:21:48,2021-04-26 17:21:48
785,35,Tortilla wrap rode biet,0.3800,40,15.2000,37.9000,gr,40 gram = 1 stuk,2021-04-26 17:21:48,2021-04-26 17:21:48
795,35,Ciabatta brood,0.4700,125,58.5000,46.8000,gr,125 gram= 1/2de stokbrood,2021-04-26 17:21:48,2021-04-26 17:21:48
805,35,"Cornflakes, ongesuikerd",0.8200,5,4.1000,82.2000,gr,5 gram= 1 eetlepel,2021-04-26 17:21:48,2021-04-26 17:21:48
815,35,"Cornflakes, gesuikerd",0.8400,5,4.2000,84.0000,gr,5 gram= 1 eetlepel,2021-04-26 17:21:49,2021-04-26 17:21:49
825,35,"Granola, original",0.6500,10,6.5000,65.0000,gr,10 gram= 1 eetlepel,2021-04-26 17:21:49,2021-04-26 17:21:49
835,35,"Havermout, natuur",0.5600,27,15.1000,56.1000,gr,27 gram= 1 individueel zakje,2021-04-26 17:21:49,2021-04-26 17:21:49
845,35,"Muesli, original",0.6500,10,6.5000,64.7000,gr,10 gram= 1 eetlepel,2021-04-26 17:21:49,2021-04-26 17:21:49
855,35,"Muesli, gedroogd fruit",0.6200,10,6.2000,61.5000,gr,10 gram= 1 eetlepel,2021-04-26 17:21:49,2021-04-26 17:21:49
865,35,"Aardappel, gekookt",0.1600,75,12.3000,16.4000,gr,75 gram= 1 eigrootte,2021-04-26 17:21:49,2021-04-26 17:21:49
875,35,"Zoete aardappel, rauw",0.1400,150,21.5000,14.3000,gr,150 gram= 1 middelgrote,2021-04-26 17:21:49,2021-04-26 17:21:49
885,35,Aardappelsalade (kant- en klaar),0.1500,100,14.6000,14.6000,gr,100 gram= 1 portie,2021-04-26 17:21:49,2021-04-26 17:21:49
895,35,Puree,0.1300,50,6.4000,12.7000,gr,50 gram= 1 eetlepel,2021-04-26 17:21:49,2021-04-26 17:21:49
905,35,Gebakken aardappelen,0.1600,30,4.9000,16.4000,gr,30 gram= 1  eetlepel,2021-04-26 17:21:49,2021-04-26 17:21:49
915,35,Aardappelgratin,0.1200,250,30.0000,12.0000,gr,250 gram= 1 bakje,2021-04-26 17:21:49,2021-04-26 17:21:49
925,35,"Frieten, huisbereid",0.3800,30,11.5000,38.3000,gr,30 gram= 1  eetlepel,2021-04-26 17:21:49,2021-04-26 17:21:49
935,35,Kroketten,0.2600,27,7.0000,25.9000,gr,27 gram= 1 kroket,2021-04-26 17:21:49,2021-04-26 17:21:49
945,35,"witte rijst, ongekookt",0.8000,125,99.5000,79.6000,gr,125 gram= 1 zakje (2 pers.),2021-04-26 17:21:49,2021-04-26 17:21:49
955,35,"Witte rijst, gekookt",0.2700,25,6.7000,26.8000,gr,25 gram= 1 eetlepel,2021-04-26 17:21:49,2021-04-26 17:21:49
965,35,"Bruine rijst, ongekookt",0.7200,125,90.3000,72.2000,gr,125 gram= 1 zakje (2 pers.),2021-04-26 17:21:49,2021-04-26 17:21:49
975,35,"Bruine rijst, gekookt",0.3000,25,7.4000,29.6000,gr,25 gram= 1 eetlepel,2021-04-26 17:21:49,2021-04-26 17:21:49
985,35,"witte pasta, ongekookt",0.7100,0,0.0000,71.0000,gr,NULL,2021-04-26 17:21:49,2021-04-26 17:21:49
995,35,"Witte pasta, gekookt",0.2400,25,6.1000,24.4000,gr,25 gram= 1 eetlepel,2021-04-26 17:21:49,2021-04-26 17:21:49
1005,35,"volkoren pasta, ongekookt",0.6300,0,0.0000,63.3000,gr,NULL,2021-04-26 17:21:49,2021-04-26 17:21:49
1015,35,"Volkoren pasta, gekookt",0.2600,25,6.4000,25.7000,gr,25 gram= 1 eetlepel,2021-04-26 17:21:49,2021-04-26 17:21:49
1025,35,"Lasagneblad, ongekookt",0.7200,8,5.8000,72.0000,gr,8 gram= 1 blad,2021-04-26 17:21:49,2021-04-26 17:21:49
1035,35,"quinoa, ongekookt",0.6800,10,6.8000,67.5000,gr,10 gram= 1 eetlepel,2021-04-26 17:21:49,2021-04-26 17:21:49
1045,35,"couscous, ongekookt",0.7300,10,7.3000,72.9000,gr,10 gram= 1 eetlepel,2021-04-26 17:21:49,2021-04-26 17:21:49
1055,35,"bulgur, ongekookt",0.7200,9,6.5000,72.2000,gr,9 gram= 1 eetlepel,2021-04-26 17:21:49,2021-04-26 17:21:49
1065,35,Bloem,0.7200,15,10.8000,72.0000,gr,15 gram= 1 eetlepel,2021-04-26 17:21:49,2021-04-26 17:21:49
1075,35,Bladerdeeg,0.3700,130,48.1000,37.0000,gr,130 gram= 1 stuk,2021-04-26 17:21:49,2021-04-26 17:21:49
1085,35,Kruimeldeeg,0.4100,130,53.3000,41.0000,gr,130 gram= 1 stuk,2021-04-26 17:21:49,2021-04-26 17:21:49
1095,35,Pizzadeeg,0.4500,130,58.5000,45.0000,gr,130 gram= 1 pizza,2021-04-26 17:21:49,2021-04-26 17:21:49
1105,35,Maïszetmeel,0.8500,5,3.8000,85.0000,gr,"4,5 gram= 1 koffielepel",2021-04-26 17:21:49,2021-04-26 17:21:49
1115,35,Aardappelzetmeel,0.8000,5,3.6000,80.0000,gr,"4,5 gram= 1 koffielepel",2021-04-26 17:21:49,2021-04-26 17:21:49
1125,35,Paneermeel,0.7000,5,3.2000,70.0000,gr,"4,5 gram= 1 koffielepel",2021-04-26 17:21:49,2021-04-26 17:21:49
1135,45,Aalbes,0.0800,10,0.8000,7.9000,gr,10 gram= 1 trosje,2021-04-26 17:21:49,2021-04-26 17:21:49
1145,45,Aardbei,0.0500,500,26.0000,5.2000,gr,500 gram= 1 bakje,2021-04-26 17:21:49,2021-04-26 17:21:49
1155,45,Abrikoos,0.0900,36,3.3000,9.2000,gr,36 gram= 1 stuk,2021-04-26 17:21:49,2021-04-26 17:21:49
1165,45,Abrikoos op siroop,0.1700,17,2.9000,17.3000,gr,17 gram= 1 stuk,2021-04-26 17:21:49,2021-04-26 17:21:49
1175,45,Abrikoos op sap,0.0800,17,1.4000,8.4000,gr,17gram= 1 stuk,2021-04-26 17:21:49,2021-04-26 17:21:49
1185,45,"Abrikoos, gedroogd",0.5400,8,4.3000,53.8000,gr,8 gram= 1 stuk,2021-04-26 17:21:49,2021-04-26 17:21:49
1195,45,Abrikozenmoes,0.2800,24,6.8000,28.3000,gr,24 gram= 1 eetlepel,2021-04-26 17:21:49,2021-04-26 17:21:49
1205,45,Amarenakers op siroop,0.6900,5,3.5000,69.2000,gr,5 gram= 1 stuk,2021-04-26 17:21:49,2021-04-26 17:21:49
1215,45,Ananas (vers),0.1200,60,7.0000,11.6000,gr,60 gram= 1 schijf,2021-04-26 17:21:49,2021-04-26 17:21:49
1225,45,Ananas op siroop,0.1800,35,6.1000,17.5000,gr,35 gram=  1 schijf,2021-04-26 17:21:49,2021-04-26 17:21:49
1235,45,Ananas op sap,0.1600,35,5.4000,15.5000,gr,35 gram= 1 schijf,2021-04-26 17:21:49,2021-04-26 17:21:49
1245,45,"Appel, met schil",0.1100,155,17.5000,11.3000,gr,155 gram= 1 stuk,2021-04-26 17:21:49,2021-04-26 17:21:49
1255,45,"Appel, gedroogd",0.6500,0,0.0000,65.0000,gr,NULL,2021-04-26 17:21:49,2021-04-26 17:21:49
1265,45,Appelcompote (met stukjes),0.1900,40,7.6000,19.0000,gr,40 gram=  1 eetlepel,2021-04-26 17:21:49,2021-04-26 17:21:49
1275,45,Appelcompote (met stukjes) zonder toegevoegd suiker,0.0800,40,3.2000,8.1000,gr,40 gram=  1 eetlepel,2021-04-26 17:21:49,2021-04-26 17:21:49
1285,45,Appelmoes,0.1700,40,6.8000,17.0000,gr,40 gram= 1 eetlepel,2021-04-26 17:21:50,2021-04-26 17:21:50
1295,45,Appelmoes zonder toegevoegd suiker,0.0900,40,3.6000,9.0000,gr,1 eetlepel,2021-04-26 17:21:50,2021-04-26 17:21:50
1305,45,"Banaan, zonder schil",0.2000,130,25.5000,19.6000,gr,"130 gram= 1 stuk, 200 gram= gewicht met schil",2021-04-26 17:21:50,2021-04-26 17:21:50
1315,45,Bananenchips,0.5900,0,0.0000,59.0000,gr,NULL,2021-04-26 17:21:50,2021-04-26 17:21:50
1325,45,Bosbes,0.0600,150,9.0000,6.0000,gr,150 gram= 1 bakje,2021-04-26 17:21:50,2021-04-26 17:21:50
1335,45,Braambes,0.0600,150,9.0000,6.0000,gr,150 gram= 1 bakje,2021-04-26 17:21:50,2021-04-26 17:21:50
1345,45,"Citroen, zonder schil",0.0100,70,0.8400,1.2000,gr,"70 gram= 1 stuk, 110 gram = gewicht met schil",2021-04-26 17:21:50,2021-04-26 17:21:50
1355,45,"Clementine, zonder schil",0.0710,60,4.3000,7.1000,gr,"60 gram= 1 stuk, 90 gram = gewicht met schil",2021-04-26 17:21:50,2021-04-26 17:21:50
1365,45,"Cranberries, gedroogd",0.8200,20,16.4000,82.0000,gr,20 gram= 1 handje,2021-04-26 17:21:50,2021-04-26 17:21:50
1375,45,"Dadel, gedroogd",0.6800,9,6.1000,68.0000,gr,9 gram= 1 stuk,2021-04-26 17:21:50,2021-04-26 17:21:50
1385,45,"Druif, blauw",0.1200,120,14.2000,11.8000,gr,120 gram= 1 trosje,2021-04-26 17:21:50,2021-04-26 17:21:50
1395,45,"Druif,wit",0.1400,120,16.6000,13.8000,gr,120 gram= 1 trosje,2021-04-26 17:21:50,2021-04-26 17:21:50
1405,45,Framboos,0.0700,15,1.1000,7.0000,gr,15 gram= 1 handje,2021-04-26 17:21:50,2021-04-26 17:21:50
1415,45,Fruit pocket appel-aardbei-banaan,0.1100,90,9.9000,11.0000,gr,90 gram= 1 zakje,2021-04-26 17:21:50,2021-04-26 17:21:50
1425,45,Fruit pocket appel-abrikoos-melk,0.1500,90,13.9000,15.4000,gr,90 gram= 1 zakje,2021-04-26 17:21:50,2021-04-26 17:21:50
1435,45,Fruitcocktail op siroop,0.1800,33,5.9000,18.0000,gr,33 gram= 1 eetlepel,2021-04-26 17:21:50,2021-04-26 17:21:50
1445,45,Fruitcocktail op sap,0.1100,33,3.7000,11.2000,gr,33 gram= 1 eetlepel,2021-04-26 17:21:50,2021-04-26 17:21:50
1455,45,"Kaki, zonder schil",0.2000,135,25.1000,18.6000,gr,"135 gram= 1 stuk, 160 gram= gewicht met schil",2021-04-26 17:21:50,2021-04-26 17:21:50
1465,45,Kers,0.1300,50,6.5000,13.0000,gr,50 gram= 1 handje,2021-04-26 17:21:50,2021-04-26 17:21:50
1475,45,"Kiwi geel, met schil",0.1600,90,14.2000,15.8000,gr,90 gram= 1 stuk,2021-04-26 17:21:50,2021-04-26 17:21:50
1485,45,"Kiwi groen, met schil",0.1500,90,13.2000,14.7000,gr,90 gram= 1 stuk,2021-04-26 17:21:50,2021-04-26 17:21:50
1495,45,Kiwibes,0.1400,15,2.2000,14.4800,gr,15 gram = 1 stuk,2021-04-26 17:21:50,2021-04-26 17:21:50
1505,45,Krieken op siroop,0.1600,20,3.1000,15.5000,gr,20 gram= 1 eetlepel,2021-04-26 17:21:50,2021-04-26 17:21:50
1515,45,Limoen,0.0300,50,1.3000,2.5000,gr,50 gram= 1 stuk,2021-04-26 17:21:50,2021-04-26 17:21:50
1525,45,Lychee met schil,0.1500,15,2.2000,14.5000,gr,"15 gram= 1 stuk, 11 gram= gewicht zonder schil",2021-04-26 17:21:50,2021-04-26 17:21:50
1535,45,Lychee op siroop,0.1600,8,1.2000,15.6000,gr,8 gram= 1 stuk,2021-04-26 17:21:50,2021-04-26 17:21:50
1545,45,"Mandarijn, zonder schil",0.1000,50,4.8000,9.5000,gr,"50 gram= 1stuk, 100 gram= gewicht met schil",2021-04-26 17:21:50,2021-04-26 17:21:50
1555,45,Mandarijn op siroop,0.1500,29,4.4000,15.0000,gr,29 gram= 1 eetlepel,2021-04-26 17:21:50,2021-04-26 17:21:50
1565,45,Mandarijn op sap,0.0900,29,2.6000,8.9000,gr,29 gram= 1 eetlepel,2021-04-26 17:21:50,2021-04-26 17:21:50
1575,45,"Mango, zonder schil",0.1400,200,28.2000,14.1000,gr,"200 gram= 1 stuk, 300 gram= gewicht met schil",2021-04-26 17:21:50,2021-04-26 17:21:50
1585,45,"Mango, gedroogd",0.8400,30,25.3000,84.3000,gr,30 gram= 1 portie,2021-04-26 17:21:50,2021-04-26 17:21:50
1595,45,"Meloen, cavaillon",0.1100,125,13.9000,11.1000,gr,125 gram =1 fruitportie,2021-04-26 17:21:50,2021-04-26 17:21:50
1605,45,"Meloen, galia",0.0400,125,5.1000,4.1000,gr,125 gram= 1 portie,2021-04-26 17:21:50,2021-04-26 17:21:50
1615,45,"Meloen, watermeloen",0.0500,180,9.7000,5.4000,gr,180 gram= 1 schijf (4cm dik),2021-04-26 17:21:50,2021-04-26 17:21:50
1625,45,Mirabellen op siroop,0.1600,5,0.8000,16.2000,gr,5 gram= 1 stuk,2021-04-26 17:21:50,2021-04-26 17:21:50
1635,45,Mirabellen op sap,0.1000,5,0.5000,10.0000,gr,5 gram= 1 stuk,2021-04-26 17:21:50,2021-04-26 17:21:50
1645,45,"Olijven, groen",0.0600,4,0.3000,6.4000,gr,4 gram= 1 stuk,2021-04-26 17:21:50,2021-04-26 17:21:50
1655,45,"Olijven, zwart",0.1000,4,0.4000,9.7000,gr,4 gram= 1 stuk,2021-04-26 17:21:50,2021-04-26 17:21:50
1665,45,"Papaja, zonder schil",0.1200,125,14.6000,11.7000,gr,"125 gram= 1 stuk, 250 gram= gewicht met schil",2021-04-26 17:21:50,2021-04-26 17:21:50
1675,45,Passievrucht,0.0800,15,1.2000,8.3000,gr,15 gram= 1 stuk,2021-04-26 17:21:50,2021-04-26 17:21:50
1685,45,Peer met schil,0.0900,170,15.6000,9.2000,gr,"170 gram= 1 stuk, 135 gram= gewicht zonder schil",2021-04-26 17:21:50,2021-04-26 17:21:50
1695,45,Peer op siroop,0.1700,60,10.2000,17.0000,gr,60 gram= 1/2de peer,2021-04-26 17:21:50,2021-04-26 17:21:50
1705,45,Peer op sap,0.1100,60,6.3000,10.5000,gr,60 gram= 1/2de peer,2021-04-26 17:21:50,2021-04-26 17:21:50
1715,45,Perzik,0.0600,125,8.0000,6.4000,gr,125 gram= 1 stuk,2021-04-26 17:21:50,2021-04-26 17:21:50
1725,45,Perzik op siroop,0.1900,60,11.1000,18.5000,gr,60 gram= 1/2de perzik,2021-04-26 17:21:50,2021-04-26 17:21:50
1735,45,Perzik op sap,0.1200,60,7.2000,12.0000,gr,60 gram= 1/2de perzik,2021-04-26 17:21:50,2021-04-26 17:21:50
1745,45,"Pomelo, zonder schil",0.1100,380,6.7000,11.2000,gr,"380 gram= 1 stuk, 645 gram= gewicht met schil",2021-04-26 17:21:50,2021-04-26 17:21:50
1755,45,"Pompelmoes, rood/geel: (zonder schil)",0.0700,210,13.7000,6.5000,gr,"210 gram= 1 stuk, 300 gram= gewicht met schil",2021-04-26 17:21:50,2021-04-26 17:21:50
1765,45,"Pruim, blauw",0.1000,55,5.4000,9.9000,gr,55 gram= 1 stuk,2021-04-26 17:21:50,2021-04-26 17:21:50
1775,45,"Pruim, geel",0.1300,55,7.1000,12.9000,gr,55 gram= 1 stuk,2021-04-26 17:21:50,2021-04-26 17:21:50
1785,45,"Pruim, rood",0.0700,55,3.9000,7.0000,gr,55 gram= 1 stuk,2021-04-26 17:21:50,2021-04-26 17:21:50
1795,45,Pruim op siroop,0.2700,10,2.6000,27.2000,gr,"9,6 gram= 1 stuk",2021-04-26 17:21:50,2021-04-26 17:21:50
1805,45,Pruim op sap,0.1900,10,1.8000,19.1000,gr,"9,6 gram= 1 stuk",2021-04-26 17:21:50,2021-04-26 17:21:50
1815,45,"Pruim, gedroogd",0.4500,6,2.7000,45.0000,gr,6 gram= 1stuk,2021-04-26 17:21:50,2021-04-26 17:21:50
1825,45,Rabarber,0.0200,125,2.5000,2.0000,gr,125 gram= 1 stengel,2021-04-26 17:21:50,2021-04-26 17:21:50
1835,45,Rabarbermoes,0.1900,30,5.7000,19.0000,gr,30 gram= 1 eetlepel,2021-04-26 17:21:50,2021-04-26 17:21:50
1845,45,Rozijn,0.5900,20,11.8000,59.2000,gr,20 gram= 1 handje,2021-04-26 17:21:51,2021-04-26 17:21:51
1855,45,"Sinaasappel, zonder schil",0.0900,140,11.9000,8.5000,gr,"140 gram= 1 stuk, 205 gram= gewicht met schil",2021-04-26 17:21:51,2021-04-26 17:21:51
1865,45,Stekelbes,0.0900,18,1.6000,9.0000,gr,18 gram= 1 handje,2021-04-26 17:21:51,2021-04-26 17:21:51
1875,45,Stervrucht met schil,0.0700,155,10.7000,6.9000,gr,"155 gram= 1 stuk, 95 gram= gewicht zonder schil",2021-04-26 17:21:51,2021-04-26 17:21:51
1885,45,"Veenbessen, bereid",0.4200,30,12.6000,42.0000,gr,30 gram= 1 eetlepel,2021-04-26 17:21:51,2021-04-26 17:21:51
1895,45,Veenbessenmoes,0.4300,30,12.9000,43.0000,gr,30 gram= 1 eetlepel,2021-04-26 17:21:51,2021-04-26 17:21:51
1905,45,Vijg,0.1600,50,8.2000,16.3000,gr,50 gram= 1 stuk,2021-04-26 17:21:51,2021-04-26 17:21:51
1915,45,"Vijg, gedroogd",0.5300,20,10.6000,53.0000,gr,20 gram= 1 stuk,2021-04-26 17:21:51,2021-04-26 17:21:51
1925,45,Witte bes,0.0700,10,0.7000,6.7000,gr,10 gram= 1 trosje,2021-04-26 17:21:51,2021-04-26 17:21:51
1935,55,Aardpeer,0.1300,0,0.0000,9.4000,gr,100,2021-04-26 17:21:51,2021-04-26 17:21:51
1945,55,Andijvie,0.0000,0,0.0000,0.1000,gr,100,2021-04-26 17:21:51,2021-04-26 17:21:51
1955,55,Artisjok,0.1000,0,0.0000,9.5000,gr,100,2021-04-26 17:21:51,2021-04-26 17:21:51
1965,55,Asperge,0.0300,0,0.0000,7.5000,gr,100,2021-04-26 17:21:51,2021-04-26 17:21:51
1975,55,Aubergine,0.0300,0,0.0000,5.4000,gr,100,2021-04-26 17:21:51,2021-04-26 17:21:51
1985,55,"Augurk, zoetzuur",0.0500,0,0.0000,1.1000,gr,100,2021-04-26 17:21:51,2021-04-26 17:21:51
1995,55,"Augurk, zuur",0.0200,0,0.0000,0.4000,gr,100,2021-04-26 17:21:51,2021-04-26 17:21:51
2005,55,Avocado,0.0200,0,0.0000,2.9000,gr,100,2021-04-26 17:21:51,2021-04-26 17:21:51
2015,55,Bleekselderij,0.0200,0,0.0000,1.2000,gr,100,2021-04-26 17:21:51,2021-04-26 17:21:51
2025,55,Bloemkool,0.0200,0,0.0000,0.6000,gr,100,2021-04-26 17:21:51,2021-04-26 17:21:51
2035,55,Bloemkool in kaassaus,0.0500,0,0.0000,1.6000,gr,100,2021-04-26 17:21:51,2021-04-26 17:21:51
2045,55,Boerenkool,0.0600,0,0.0000,4.7000,gr,100,2021-04-26 17:21:51,2021-04-26 17:21:51
2055,55,Boontjes extra fijn,0.0400,0,0.0000,8.0000,gr,100,2021-04-26 17:21:51,2021-04-26 17:21:51
2065,55,Boterboon,0.0500,0,0.0000,9.4000,gr,100,2021-04-26 17:21:51,2021-04-26 17:21:51
2075,55,Broccoli,0.0200,0,0.0000,0.2000,gr,100,2021-04-26 17:21:51,2021-04-26 17:21:51
2085,55,Champignon,0.0000,0,0.0000,0.1000,gr,100,2021-04-26 17:21:51,2021-04-26 17:21:51
2095,55,Chinese kool,0.0200,40,0.8000,2.0000,gr,40 gram= 1 eetlepel gekookt,2021-04-26 17:21:51,2021-04-26 17:21:51
2105,55,Courgette,0.0200,35,0.6000,1.8000,gr,35 gram= 1 eetlepel gekookt,2021-04-26 17:21:51,2021-04-26 17:21:51
2115,55,Doperwt,0.1000,25,2.5000,10.0000,gr,25 gram= 1 eetlepel gekookt,2021-04-26 17:21:51,2021-04-26 17:21:51
2125,55,Doperwt & wortel,0.0700,30,2.0000,6.7000,gr,30 gram= 1 eetlepel gekookt,2021-04-26 17:21:51,2021-04-26 17:21:51
2135,55,Gebakken ui (Bicky ui ®),0.3400,20,6.8000,34.0000,gr,20 gram= 1 portie,2021-04-26 17:21:51,2021-04-26 17:21:51
2145,55,Groene kool,0.0400,25,1.0000,4.0000,gr,25 gram= 1 eetlepel gekookt,2021-04-26 17:21:51,2021-04-26 17:21:51
2155,55,Groene selder,0.0800,60,4.5000,7.5000,gr,60 gram= 1 stengel ongekookt,2021-04-26 17:21:51,2021-04-26 17:21:51
2165,55,Groentemacedoine (blik),0.0500,25,1.2000,4.9000,gr,25 gram= 1 eetlepel,2021-04-26 17:21:51,2021-04-26 17:21:51
2175,55,Groenten voor spaghetti,0.0400,300,13.2000,4.4000,gr,300 gram= 1 zak groenten,2021-04-26 17:21:51,2021-04-26 17:21:51
2185,55,Groentepannetje Italiano (Iglo®),0.0400,30,1.3000,4.3000,gr,30 gram= 1 eetlepel,2021-04-26 17:21:51,2021-04-26 17:21:51
2195,55,Kerstomaat,0.0500,12,0.5000,4.5000,gr,12 gram= 1 stuk,2021-04-26 17:21:51,2021-04-26 17:21:51
2205,55,Knolselder,0.0500,20,1.0000,5.0000,gr,20 gram= 1 eetlepel gekookt,2021-04-26 17:21:51,2021-04-26 17:21:51
2215,55,Komkommer,0.0100,205,2.5000,1.2000,gr,205 gram= 1/2de stuk,2021-04-26 17:21:51,2021-04-26 17:21:51
2225,55,Koolraap,0.0200,20,0.4000,2.0000,gr,20 gram= 1 eetlepel gekookt,2021-04-26 17:21:51,2021-04-26 17:21:51
2235,55,Koolrabi,0.0400,200,8.0000,4.0000,gr,200 gram = 1 portie,2021-04-26 17:21:51,2021-04-26 17:21:51
2245,55,Maïs (blik),0.1000,15,1.4000,9.6000,gr,15 gram= 1 eetlepel,2021-04-26 17:21:51,2021-04-26 17:21:51
2255,55,Paksoi,0.0100,30,0.4000,1.4000,gr,30 gram= 1 eetlepel gekookt,2021-04-26 17:21:51,2021-04-26 17:21:51
2265,55,"Paprika, groen",0.0300,185,5.6000,3.0000,gr,185 gram= 1 stuk ongekookt,2021-04-26 17:21:51,2021-04-26 17:21:51
2275,55,"Paprika, rood",0.0600,185,11.1000,6.0000,gr,185 gram= 1 stuk ongekookt,2021-04-26 17:21:51,2021-04-26 17:21:51
2285,55,"Paprika, geel",0.0600,185,10.2000,5.5000,gr,185 gram= 1 stuk ongekookt,2021-04-26 17:21:51,2021-04-26 17:21:51
2295,55,"Paprika, oranje",0.0600,185,11.1000,6.0000,gr,185 gram= 1 stuk ongekookt,2021-04-26 17:21:51,2021-04-26 17:21:51
2305,55,Pastinaak,0.1300,30,3.8000,12.5000,gr,30 gram= 1 eetlepel gekookt,2021-04-26 17:21:51,2021-04-26 17:21:51
2315,55,Peultjes,0.0300,30,0.9000,3.1000,gr,30 gram= 1 eetlepel gekookt,2021-04-26 17:21:51,2021-04-26 17:21:51
2325,55,Pompoen,0.0200,30,0.7000,2.2000,gr,30 gram= 1 eetlepel gekookt,2021-04-26 17:21:51,2021-04-26 17:21:51
2335,55,Prei,0.0900,225,19.4000,8.6000,gr,225 gram= 1 stuk ongekookt,2021-04-26 17:21:51,2021-04-26 17:21:51
2345,55,Prinsessenboon,0.0500,7,0.3000,4.5000,gr,7 gram= 1 stuk ongekookt,2021-04-26 17:21:52,2021-04-26 17:21:52
2355,55,Raap,0.0500,70,3.3000,4.7000,gr,70 gram= 1 kleine raap,2021-04-26 17:21:52,2021-04-26 17:21:52
2365,55,Radijs,0.0400,6,0.2000,4.0000,gr,6 gram= 1 stuk,2021-04-26 17:21:52,2021-04-26 17:21:52
2375,55,Rammenas,0.0500,180,9.0000,5.0000,gr,180 gram= 1 stuk,2021-04-26 17:21:52,2021-04-26 17:21:52
2385,55,Rode biet,0.0800,112,9.4000,8.4000,gr,112 gram= 1 stuk zonder schil ongekookt,2021-04-26 17:21:52,2021-04-26 17:21:52
2395,55,Rode kool,0.0200,25,0.5000,1.8000,gr,25 gram= 1 eetlepel gekookt,2021-04-26 17:21:52,2021-04-26 17:21:52
2405,55,Rode kool met appel,0.1500,25,3.8000,15.0000,gr,25 gram= 1 eetlepel,2021-04-26 17:21:52,2021-04-26 17:21:52
2415,55,Romano bonen,0.0500,25,1.1000,4.5000,gr,25 gram= 1 eetlepel,2021-04-26 17:21:52,2021-04-26 17:21:52
2425,55,Rucola,0.0000,45,0.1000,0.2000,gr,45 gram = 1 schaaltje,2021-04-26 17:21:52,2021-04-26 17:21:52
2435,55,Savooikool,0.0400,200,8.0000,4.0000,gr,200 gram = 1 portie,2021-04-26 17:21:52,2021-04-26 17:21:52
2445,55,Schorseneer,0.0200,30,0.5000,1.6000,gr,30 gram= 1 eetlepel gekookt,2021-04-26 17:21:52,2021-04-26 17:21:52
2455,55,Schorseneer blik,0.0500,30,1.4000,4.5000,gr,30 gram= 1 eetlepel gekookt,2021-04-26 17:21:52,2021-04-26 17:21:52
2465,55,Sla,0.0100,45,0.3000,0.6000,gr,45 gram = 1 schaaltje,2021-04-26 17:21:52,2021-04-26 17:21:52
2475,55,Snijbiet,0.0400,80,2.8000,3.5000,gr,80 gram = 1 opscheplepel,2021-04-26 17:21:52,2021-04-26 17:21:52
2485,55,Snijboon,0.0200,35,0.7000,2.0000,gr,35 gram= 1 eetlepel gekookt,2021-04-26 17:21:52,2021-04-26 17:21:52
2495,55,Sojascheut,0.0500,30,1.4000,4.6000,gr,30 gram= 1 eetlepel gekookt,2021-04-26 17:21:52,2021-04-26 17:21:52
2505,55,Spinazie,0.0100,45,0.3000,0.7000,gr,45 gram= 1 eetlepel gekookt,2021-04-26 17:21:52,2021-04-26 17:21:52
2515,55,Spinazie in roomsaus (Iglo®),0.0300,45,1.5000,3.3000,gr,45 gram= 1 eetlepel bereid,2021-04-26 17:21:52,2021-04-26 17:21:52
2525,55,Spruit,0.0400,12,0.5000,4.1000,gr,12 gram= 1 stuk gekookt,2021-04-26 17:21:52,2021-04-26 17:21:52
2535,55,Tomaat,0.0200,150,2.9000,1.9000,gr,150 gram= 1 middelgrote,2021-04-26 17:21:52,2021-04-26 17:21:52
2545,55,Tomatenpuree,0.1400,30,4.2000,13.9000,gr,30 gram= 1 eetlepel,2021-04-26 17:21:52,2021-04-26 17:21:52
2555,55,Tomaten passata,0.0300,15,0.5000,3.4000,gr,15 gram= 1 eetlepel,2021-04-26 17:21:52,2021-04-26 17:21:52
2565,55,Tomatenblokjes,0.0300,20,0.6000,3.2000,gr,20 gram= 1 eetlepel,2021-04-26 17:21:52,2021-04-26 17:21:52
2575,55,Gedroogde tomaten,0.2000,25,4.9000,19.5000,gr,25 gram= 1 portie,2021-04-26 17:21:52,2021-04-26 17:21:52
2585,55,Ui,0.0200,115,1.7000,1.5000,gr,115 gram= 1 middelgrote,2021-04-26 17:21:52,2021-04-26 17:21:52
2595,55,Venkel,0.0200,30,0.7000,2.3000,gr,30 gram= 1 eetlepel gekookt,2021-04-26 17:21:52,2021-04-26 17:21:52
2605,55,Witlof,0.0200,100,2.0000,2.0000,gr,"100 gram= 1 middelgrote, 40 gram = 1 eetlepel gekookt",2021-04-26 17:21:52,2021-04-26 17:21:52
2615,55,Witte kool,0.0400,25,1.1000,4.2000,gr,25 gram= 1 eetlepel gekookt,2021-04-26 17:21:52,2021-04-26 17:21:52
2625,55,Witte selder,0.0400,45,1.6000,3.5000,gr,45 gram = 1 eetlepel gekook,2021-04-26 17:21:52,2021-04-26 17:21:52
2635,55,Wokgroenten,0.0400,125,5.0000,4.0000,gr,125 gram= 1/2de zak,2021-04-26 17:21:52,2021-04-26 17:21:52
2645,55,Wortel,0.0700,40,2.7000,6.7000,gr,40 gram= 1 kleine wortel rauw,2021-04-26 17:21:52,2021-04-26 17:21:52
2655,55,"Zuurkool, bereid",0.0300,35,1.0000,2.9000,gr,35 gram= 1 eetlepel,2021-04-26 17:21:52,2021-04-26 17:21:52
2665,65,"Bonen, borlotti",0.2100,25,5.2000,20.8000,gr,25 gram= 1 eetlepel,2021-04-26 17:21:52,2021-04-26 17:21:52
2675,65,"Bonen, cannellini",0.2000,25,5.0000,20.1000,gr,25 gram= 1 eetlepel,2021-04-26 17:21:52,2021-04-26 17:21:52
2685,65,Calypsoboon (gedroogd),0.2900,105,30.5000,29.0000,gr,105 gram= 1 koffietas,2021-04-26 17:21:52,2021-04-26 17:21:52
2695,65,Calypsoboon (gekookt),0.0900,35,3.3000,9.4000,gr,35 gram= 1 eetlepel,2021-04-26 17:21:52,2021-04-26 17:21:52
2705,65,Edamameboon (soja) natuur,0.0200,25,0.6000,2.4000,gr,25 gram= 1 eetlepel,2021-04-26 17:21:52,2021-04-26 17:21:52
2715,65,Groene peulboon,0.1300,25,3.3000,13.3000,gr,25 gram= 1 eetlepel,2021-04-26 17:21:52,2021-04-26 17:21:52
2725,65,Hollandse bruine boon (bokaal),0.1400,35,4.9000,14.0000,gr,35 gram= 1 eetlepel,2021-04-26 17:21:52,2021-04-26 17:21:52
2735,65,"Kidneyboon, rood",0.1500,35,5.3000,15.2000,gr,35 gram= 1 eetlepel,2021-04-26 17:21:52,2021-04-26 17:21:52
2745,65,Kikkererwt (gedroogd),0.4600,110,50.6000,46.0000,gr,110 gram= 1 koffietas,2021-04-26 17:21:52,2021-04-26 17:21:52
2755,65,Kikkererwt (gekookt),0.1500,35,5.1000,14.7000,gr,35 gram= 1 eetlepel,2021-04-26 17:21:52,2021-04-26 17:21:52
2765,65,"Linzen, blond (gedroogd)",0.4200,105,44.1000,42.0000,gr,105 gram= 1 koffietas,2021-04-26 17:21:52,2021-04-26 17:21:52
2775,65,"Linzen, blond (gekookt)",0.1600,35,5.7000,16.3000,gr,35 gram= 1 eetlepel,2021-04-26 17:21:52,2021-04-26 17:21:52
2785,65,"Linzen, groen (gedroogd)",0.5000,105,52.5000,50.0000,gr,105 gram= 1 koffietas,2021-04-26 17:21:52,2021-04-26 17:21:52
2795,65,"Linzen, groen (gekookt)",0.1200,35,4.2000,12.1000,gr,35 gram= 1 eetlepel,2021-04-26 17:21:52,2021-04-26 17:21:52
2805,65,"Linzen, koraalrood (gedroogd)",0.4200,105,43.8000,41.7000,gr,105 gram= 1 koffietas,2021-04-26 17:21:52,2021-04-26 17:21:52
2815,65,"Linzen, koraalrood (gekookt)",0.1300,35,4.5000,12.8000,gr,35 gram= 1 eetlepel,2021-04-26 17:21:52,2021-04-26 17:21:52
2825,65,Rode boon (gedroogd),0.4200,105,43.8000,41.7000,gr,105 gram= 1 koffietas,2021-04-26 17:21:52,2021-04-26 17:21:52
2835,65,Rode boon (gekookt),0.1600,35,5.6000,16.1000,gr,35 gram= 1 eetlepel,2021-04-26 17:21:52,2021-04-26 17:21:52
2845,65,Sojaboon (gedroogd),0.0900,90,8.3000,9.2000,gr,90 gram= 1 koffietas,2021-04-26 17:21:52,2021-04-26 17:21:52
2855,65,Sojaboon (gekookt),0.0000,25,0.1000,0.2000,gr,25 gram= 1 eetlepel,2021-04-26 17:21:52,2021-04-26 17:21:52
2865,65,"Spliterwt, groen (gedroogd)",0.4400,90,39.6000,44.0000,gr,90 gram= 1 koffietas,2021-04-26 17:21:52,2021-04-26 17:21:52
2875,65,"Spliterwt, groen (gekookt)",0.0900,35,3.0000,8.5000,gr,35 gram= 1 eetlepel,2021-04-26 17:21:52,2021-04-26 17:21:52
2885,65,Sugar snaps,0.0500,35,1.8000,5.0000,gr,35 gram = 1 eetlepel,2021-04-26 17:21:52,2021-04-26 17:21:52
2895,65,Witte boon (bokaal),0.1300,25,3.3000,13.0000,gr,25 gram= 1 eetlepel,2021-04-26 17:21:52,2021-04-26 17:21:52
2905,65,Witte boon in tomatensaus (bokaal),0.1310,35,4.6000,13.1000,gr,35 gram= 1 eetlepel,2021-04-26 17:21:52,2021-04-26 17:21:52
2915,65,Chilliboon in pittige saus,0.1200,25,3.6000,12.1000,gr,25 gram= 1 eetlepel,2021-04-26 17:21:53,2021-04-26 17:21:53
2925,75,"Bloemkoolrijst, ongekookt (vers)",0.0400,30,1.2000,3.9000,gr,30 gram= 1 eetlepel,2021-04-26 17:21:53,2021-04-26 17:21:53
2935,75,Broccolirijst (vers),0.2100,30,6.2000,0.8000,gr,30 gram= 1 eetlepel,2021-04-26 17:21:53,2021-04-26 17:21:53
2945,75,Courgette pasta (vers),0.0200,200,3.6000,1.8000,gr,200 gram= 1 portie (1/2de pak),2021-04-26 17:21:53,2021-04-26 17:21:53
2955,75,Fusilli doperwt (vers),0.4500,0,0.0000,45.0000,gr,NULL,2021-04-26 17:21:53,2021-04-26 17:21:53
2965,75,Fusilli groene erwten (droog),0.5500,0,0.0000,55.0000,gr,NULL,2021-04-26 17:21:53,2021-04-26 17:21:53
2975,75,fusilli kikkererwt (vers),0.3600,0,0.0000,36.0000,gr,NULL,2021-04-26 17:21:53,2021-04-26 17:21:53
2985,75,fusilli linzen (vers),0.4500,0,0.0000,45.0000,gr,NULL,2021-04-26 17:21:53,2021-04-26 17:21:53
2995,75,Kikker erwten sedanini (droog),0.5500,0,0.0000,55.0000,gr,NULL,2021-04-26 17:21:53,2021-04-26 17:21:53
3005,75,koolraap tagliatelle (vers),0.0200,200,4.0000,2.0000,gr,200 gram= 1 portie (1/2de pak),2021-04-26 17:21:53,2021-04-26 17:21:53
3015,75,Pompoenlasagne bladen,0.0200,10,0.2000,2.0000,gr,10 gram= 1 lasagneblad ongekookt,2021-04-26 17:21:53,2021-04-26 17:21:53
3025,75,rode linzenpasta (droog),0.5200,0,0.0000,52.0000,gr,NULL,2021-04-26 17:21:53,2021-04-26 17:21:53
3035,75,Wortel spaghetti (vers),0.0700,200,14.8000,7.4000,gr,200 gram= 1 pakje,2021-04-26 17:21:53,2021-04-26 17:21:53
3045,85,Geitenmelk,0.0500,150,6.8000,4.5000,ml,150 ml= 1 klein glas,2021-04-26 17:21:53,2021-04-26 17:21:53
3055,85,Halfvolle melk,0.0500,150,7.2000,4.8000,ml,NULL,2021-04-26 17:21:53,2021-04-26 17:21:53
3065,85,"Karnemelk, gesuikerd",0.1100,150,16.8000,11.2000,ml,NULL,2021-04-26 17:21:53,2021-04-26 17:21:53
3075,85,"Karnemelk, niet gesuikerd",0.0400,150,6.5000,4.3000,ml,NULL,2021-04-26 17:21:53,2021-04-26 17:21:53
3085,85,Magere melk,0.0500,150,7.4000,4.9000,ml,NULL,2021-04-26 17:21:53,2021-04-26 17:21:53
3095,85,Volle melk,0.0500,150,7.2000,4.8000,ml,NULL,2021-04-26 17:21:53,2021-04-26 17:21:53
3105,85,Koffiemelk,0.1000,8,0.8000,9.9000,ml,8 ml= 1 cupje,2021-04-26 17:21:53,2021-04-26 17:21:53
3115,95,"Kaas, Cheddar",0.0000,35,0.0400,0.1000,gr,35 gram= 1 portie,2021-04-26 17:21:53,2021-04-26 17:21:53
3125,95,"Kaas, edam jong 40+",0.0000,33,0.0000,0.0000,gr,33 gram= 1 plak,2021-04-26 17:21:53,2021-04-26 17:21:53
3135,95,"Kaas, Gouda 48+",0.0000,25,0.0000,0.0000,gr,25 gram= 1 plak,2021-04-26 17:21:53,2021-04-26 17:21:53
3145,95,"Kaas, Gouda light",0.0000,25,0.0000,0.0000,gr,25 gram= 1 plak,2021-04-26 17:21:53,2021-04-26 17:21:53
3155,95,"Kaas, Mascarpone",0.0400,30,1.3000,4.3000,gr,30 gram= 1 afgestreken eetlepel,2021-04-26 17:21:53,2021-04-26 17:21:53
3165,95,"Kaas, Mozzarella",0.0100,25,0.3000,1.0000,gr,25 gram= 1 plak,2021-04-26 17:21:53,2021-04-26 17:21:53
3175,95,"Kaas, ricotta",0.0300,25,0.8000,3.0000,gr,25 gram= 1 eetlepel,2021-04-26 17:21:53,2021-04-26 17:21:53
3185,95,"Smeerkaas, halfvette",0.0400,20,0.7000,3.5000,gr,20 gram= 1 driehoekje,2021-04-26 17:21:53,2021-04-26 17:21:53
3195,95,"Smeerkaas, magere",0.0700,20,1.3000,6.5000,gr,20 gram= 1 driehoekje,2021-04-26 17:21:53,2021-04-26 17:21:53
3205,95,"Smeerkaas, vette",0.0300,20,0.6000,3.0000,gr,20 gram= 1 driehoekje,2021-04-26 17:21:53,2021-04-26 17:21:53
3215,105,"Platte kaas, halfvolle",0.0400,125,5.0000,4.0000,gr,125 gram= 1 potje,2021-04-26 17:21:53,2021-04-26 17:21:53
3225,105,"Platte kaas, mager met fruit",0.1400,125,17.5000,14.0000,gr,125 gram= 1 potje,2021-04-26 17:21:53,2021-04-26 17:21:53
3235,105,"Platte kaas, vol",0.0400,125,4.4000,3.5000,gr,125 gram= 1 potje,2021-04-26 17:21:53,2021-04-26 17:21:53
3245,115,"Chocolademelk, halfvolle",0.1200,150,17.3000,11.5000,ml,NULL,2021-04-26 17:21:54,2021-04-26 17:21:54
3255,115,"Chocolademelk, magere",0.1100,150,16.5000,11.0000,ml,NULL,2021-04-26 17:21:54,2021-04-26 17:21:54
3265,115,"Chocolademelk, volle",0.1200,150,18.0000,12.0000,ml,NULL,2021-04-26 17:21:54,2021-04-26 17:21:54
3275,115,"Fristi rode vruchten, gesuikerd ®",0.0800,150,11.9000,7.9000,ml,NULL,2021-04-26 17:21:54,2021-04-26 17:21:54
3285,115,"Fristi rood fruit, 0% suiker toegevoegd ®",0.0300,150,4.8000,3.2000,ml,NULL,2021-04-26 17:21:54,2021-04-26 17:21:54
3295,125,"Actimel 0 % vet, aardbei ®",0.0400,100,3.7000,3.7000,gr,100 gram=  1 flesje,2021-04-26 17:21:54,2021-04-26 17:21:54
3305,125,"Actimel 0 % vet, natuur ®",0.0300,100,3.3000,3.3000,gr,100 gram= 1 flesje,2021-04-26 17:21:54,2021-04-26 17:21:54
3315,125,Actimel aardbei ®,0.1200,100,11.7000,11.7000,gr,100 gram= 1 flesje,2021-04-26 17:21:54,2021-04-26 17:21:54
3325,125,Actimel natuur ®,0.1100,100,10.5000,10.5000,gr,100 gram= 1 flesje,2021-04-26 17:21:54,2021-04-26 17:21:54
3335,125,"Kefir, halfvolle melk",0.0500,150,6.8000,4.5000,gr,150 gram= 1 glas,2021-04-26 17:21:54,2021-04-26 17:21:54
3345,125,Optimel Drinkyoghurt ®,0.0400,150,6.2000,4.1000,gr,150 gram= 1 glas,2021-04-26 17:21:54,2021-04-26 17:21:54
3355,125,Optimel Griekse yoghurt ®,0.0400,150,5.6000,3.7000,gr,150 gram= 1 individueel potje,2021-04-26 17:21:54,2021-04-26 17:21:54
3365,125,Yakult light ®,0.1400,65,9.1000,14.0000,gr,65 gram= 1 flesje,2021-04-26 17:21:54,2021-04-26 17:21:54
3375,125,Yakult original ®,0.1500,65,9.8000,15.0000,gr,65 gram= 1 flesje,2021-04-26 17:21:54,2021-04-26 17:21:54
3385,125,"Yoghurt 0 % vet aardbei, Activia ®",0.0900,125,11.3000,9.0000,gr,125 gram= 1 potje,2021-04-26 17:21:54,2021-04-26 17:21:54
3395,125,"Yoghurt 0 % vet aardbei, Vitalinea ®",0.0600,125,7.3000,5.8000,gr,125 gram= 1 potje,2021-04-26 17:21:54,2021-04-26 17:21:54
3405,125,"Yoghurt Breakfast aardbei, Danone ®",0.2000,190,38.2000,20.1000,gr,190 gram= 1 potje,2021-04-26 17:21:54,2021-04-26 17:21:54
3415,125,"Yoghurt, Breakfast natuur gesuikerd, Activia®",0.1900,190,35.2000,18.5000,gr,190 gram= 1 potje,2021-04-26 17:21:54,2021-04-26 17:21:54
3425,125,"Yoghurt halfvol, zonder toegevoegd suiker",0.0500,125,5.6000,4.5000,gr,125 gram= 1 potje,2021-04-26 17:21:54,2021-04-26 17:21:54
3435,125,"Yoghurt halfvol met fruit, gesuikerd",0.1500,125,19.3000,15.4000,gr,125 gram= 1 potje,2021-04-26 17:21:54,2021-04-26 17:21:54
3445,125,"Yoghurt mager, zonder toegevoegd suiker",0.0600,125,7.5000,6.0000,gr,125 gram= 1 potje,2021-04-26 17:21:54,2021-04-26 17:21:54
3455,125,Yoghurt mager met fruit en stevia,0.0700,125,8.9000,7.1000,gr,125 gram= 1 potje,2021-04-26 17:21:54,2021-04-26 17:21:54
3465,125,"Yoghurt mager met fruit, gesuikerd",0.1300,125,16.8000,13.4000,gr,125 gram= 1 potje,2021-04-26 17:21:54,2021-04-26 17:21:54
3475,125,"Yoghurt natuur gesuikerd, Danone Nature ®",0.1100,125,14.0000,11.2000,gr,125 gram= 1 potje,2021-04-26 17:21:54,2021-04-26 17:21:54
3485,125,"Yoghurt natuur vol,  zonder toegevoegd suiker",0.0500,125,5.9000,4.7000,gr,125 gram= 1 potje,2021-04-26 17:21:54,2021-04-26 17:21:54
3495,125,"Yoghurt vol, gesuikerd",0.1200,125,15.4000,12.3000,gr,125 gram= 1 potje,2021-04-26 17:21:54,2021-04-26 17:21:54
3505,125,"Yoghurt vol  met fruit, gesuikerd",0.1300,125,16.3000,13.0000,gr,125 gram= 1 potje,2021-04-26 17:21:54,2021-04-26 17:21:54
3515,125,"Yoghurt volle, Griekse natuur (zonder toegevoegd suiker)",0.0400,125,5.1000,4.1000,gr,125 gram= 1 potje,2021-04-26 17:21:54,2021-04-26 17:21:54
3525,125,"Yoghurt volle framboos Griekse wijze, Oikos (gesuikerd) ®",0.1400,125,17.4000,13.9000,gr,125 gram= 1 potje,2021-04-26 17:21:54,2021-04-26 17:21:54
3535,125,Yoghurt Skyr light & free®,0.0500,145,7.8000,5.4000,gr,145 gram= 1 potje,2021-04-26 17:21:54,2021-04-26 17:21:54
3545,135,Griesmeelpudding natuur,0.1700,135,22.7000,16.8000,gr,135 gram= 1 potje,2021-04-26 17:21:54,2021-04-26 17:21:54
3555,135,"Mousse, chocolade",0.2400,80,19.4000,24.2000,gr,80 gram= 1 potje,2021-04-26 17:21:54,2021-04-26 17:21:54
3565,135,"Pudding, chocolade",0.2000,125,24.5000,19.6000,gr,125 gram= 1 portie,2021-04-26 17:21:54,2021-04-26 17:21:54
3575,135,"Pudding, vanille",0.1900,125,23.3000,18.6000,gr,125 gram= 1 portie,2021-04-26 17:21:54,2021-04-26 17:21:54
3585,135,"Pudding, vanille zoetstof",0.0900,100,8.8000,8.8000,gr,100 gram= 1 kant- en klaar potje,2021-04-26 17:21:54,2021-04-26 17:21:54
3595,135,Rijstpap gesuikerd,0.2200,125,27.1000,21.7000,gr,"125 gram= 1 portie , 115 gram= 1 klein potje",2021-04-26 17:21:54,2021-04-26 17:21:54
3605,135,rijstpap zoetstof (Olympia ®),0.1200,100,12.4000,12.4000,gr,100 gram= 1 kant- en klaar potje,2021-04-26 17:21:54,2021-04-26 17:21:54
3615,135,Tiramisu,0.2400,80,19.0000,23.8000,gr,80 gram= 1 portie,2021-04-26 17:21:54,2021-04-26 17:21:54
3625,135,"Vla, chocolade Campina®",0.1600,125,19.4000,15.5000,gr,125 gram= 1 portie,2021-04-26 17:21:54,2021-04-26 17:21:54
3635,135,"Vla, vanille Campina®",0.1400,125,17.8000,14.2000,gr,125 gram= 1 portie,2021-04-26 17:21:54,2021-04-26 17:21:54
3645,135,"Vla, optimel 0% vet ®",0.0800,125,10.5000,8.4000,gr,125 gram= 1 portie,2021-04-26 17:21:54,2021-04-26 17:21:54
3655,145,Calippo sinaas,0.2300,105,24.2000,23.0000,ml,105 ml= 1 stuk,2021-04-26 17:21:54,2021-04-26 17:21:54
3665,145,Cornetto classic,0.2100,120,25.2000,21.0000,ml,120ml= 1 stuk,2021-04-26 17:21:54,2021-04-26 17:21:54
3675,145,Cornetto mini vanille,0.2200,60,13.2000,22.0000,ml,60 ml= 1 stuk,2021-04-26 17:21:54,2021-04-26 17:21:54
3685,145,Icy Light cornet (Ijsboerke ®),0.1400,110,14.9000,13.6000,ml,110 ml= 1 stuk,2021-04-26 17:21:54,2021-04-26 17:21:54
3695,145,Icy Light stick (Ijsboerke ®),0.1300,100,12.9000,12.9000,ml,100 ml= 1 stuk,2021-04-26 17:21:54,2021-04-26 17:21:54
3705,145,"Ijs, raket",0.1800,55,9.9000,18.0000,ml,55 ml= 1 stuk,2021-04-26 17:21:54,2021-04-26 17:21:54
3715,145,Magnum classic®,0.2100,110,23.1000,21.0000,ml,110 ml= 1 stuk,2021-04-26 17:21:54,2021-04-26 17:21:54
3725,145,Magnum mini classic®,0.2600,60,15.6000,26.0000,ml,60 ml= 1 stuk,2021-04-26 17:21:54,2021-04-26 17:21:54
3735,145,Milkshake,0.2200,250,55.5000,22.2000,ml,250 ml= 1 groot glas,2021-04-26 17:21:54,2021-04-26 17:21:54
3745,145,Room 12 % vet,0.0700,12,0.8000,6.9000,ml,12 ml= 1 eetlepel,2021-04-26 17:21:54,2021-04-26 17:21:54
3755,145,"Room, 40 % vet",0.0300,12,0.3000,2.8000,ml,12 ml= 1 eetlepel,2021-04-26 17:21:55,2021-04-26 17:21:55
3765,145,"Room, zure",0.0300,24,0.6000,2.7000,ml,24 gram= 1 eetlepel,2021-04-26 17:21:55,2021-04-26 17:21:55
3775,155,Icy Light vanille (Ijsboerke ®),0.0600,50,3.1500,6.3000,gr,50 gram= 1 bol,2021-04-26 17:21:55,2021-04-26 17:21:55
3785,155,Roomijs vanille,0.2300,50,11.2500,22.5000,gr,50 gram= 1 bol,2021-04-26 17:21:55,2021-04-26 17:21:55
3795,155,Sorbet,0.3000,50,15.0000,30.0000,gr,50 gram= 1 bol,2021-04-26 17:21:55,2021-04-26 17:21:55
3805,165,Coca-cola®,0.1100,250,26.5000,10.6000,ml,250 ml= 1 limonade glas,2021-04-26 17:21:55,2021-04-26 17:21:55
3815,165,"Coca-Cola, light ®",0.0000,250,0.0000,0.0000,ml,250 ml= 1 limonade glas,2021-04-26 17:21:55,2021-04-26 17:21:55
3825,165,"Coca-Cola, Zéro ®",0.0000,250,0.0000,0.0000,ml,250 ml= 1 limonade glas,2021-04-26 17:21:55,2021-04-26 17:21:55
3835,165,"Limonade, Dubbel Friss ®",0.1000,250,25.8000,10.3000,ml,250 ml= 1 limonade glas,2021-04-26 17:21:55,2021-04-26 17:21:55
3845,165,Tonic,0.1000,250,23.8000,9.5000,ml,250 ml= 1 limonade glas,2021-04-26 17:21:55,2021-04-26 17:21:55
3855,175,"Appelsap, ongezoet",0.1100,250,26.8000,10.7000,ml,250 ml= 1 limonade glas,2021-04-26 17:21:55,2021-04-26 17:21:55
3865,175,Groentesap,0.0600,250,14.5000,5.8000,ml,250 ml= 1 limonade glas,2021-04-26 17:21:55,2021-04-26 17:21:55
3875,175,Rode bietensap,0.0800,250,20.0000,8.0000,ml,250 ml= 1 limonade glas,2021-04-26 17:21:55,2021-04-26 17:21:55
3885,175,Smoothie aardbei - framboos - bosbes,0.0900,250,23.3000,9.3000,ml,250 ml= 1 limonade glas,2021-04-26 17:21:55,2021-04-26 17:21:55
3895,175,Wortelsap,0.0700,250,17.8000,7.1000,ml,250 ml= 1 limonade glas,2021-04-26 17:21:55,2021-04-26 17:21:55
3905,185,Fuze Tea sparkeling ®,0.0400,250,10.7500,4.3000,ml,250 ml= 1 limonade glas,2021-04-26 17:21:55,2021-04-26 17:21:55
3915,185,Fuse Tea sparkeling no sugar ®,0.0000,250,0.2500,0.1000,ml,250 ml= 1 limonade glas,2021-04-26 17:21:55,2021-04-26 17:21:55
3925,185,"Ice Tea, bruisend",0.0500,250,11.5000,4.6000,ml,250 ml= 1 limonade glas,2021-04-26 17:21:55,2021-04-26 17:21:55
3935,185,Ice Tea zéro,0.0100,250,1.3000,0.5000,ml,250 ml= 1 limonade glas,2021-04-26 17:21:55,2021-04-26 17:21:55
3945,195,Crystal Clear ®,0.0000,250,0.0000,0.0000,ml,250 ml= 1 limonade glas,2021-04-26 17:21:55,2021-04-26 17:21:55
3955,195,"Gearomatiseerd water, Spa Touch appel",0.0000,250,0.0000,0.0000,ml,250 ml= 1 limonade glas,2021-04-26 17:21:55,2021-04-26 17:21:55
3965,195,Koffie bereid,0.0000,125,0.0000,0.0000,ml,125 ml = 1 tas,2021-04-26 17:21:55,2021-04-26 17:21:55
3975,195,"Mineraalwater, natuurlijk",0.0000,250,0.0000,0.0000,ml,250 ml= 1 limonade glas,2021-04-26 17:21:55,2021-04-26 17:21:55
3985,195,"Mineraalwater, natuurlijk licht bruisend",0.0000,250,0.0000,0.0000,ml,250 ml= 1 limonade glas,2021-04-26 17:21:55,2021-04-26 17:21:55
3995,195,"Thee, bereid",0.0000,125,0.0000,0.0000,ml,125 ml = 1 tas,2021-04-26 17:21:55,2021-04-26 17:21:55
4005,205,Monster,0.1200,500,60.0000,12.0000,ml,500 ml = 1 blik,2021-04-26 17:21:55,2021-04-26 17:21:55
4015,205,Nalu,0.0500,250,11.8000,4.7000,ml,250 ml = 1 blikje,2021-04-26 17:21:55,2021-04-26 17:21:55
4025,205,Red Bull,0.1100,250,27.5000,11.0000,ml,250 ml = 1 blikje,2021-04-26 17:21:55,2021-04-26 17:21:55
4035,205,Red Bull sugarfree,0.0000,250,0.0000,0.0000,ml,250 ml = 1 blikje,2021-04-26 17:21:55,2021-04-26 17:21:55
4045,215,"Alpro yoghurt natuur, ongezoet ®",0.0000,125,0.0000,0.0000,ml,125 gram= 1 portie,2021-04-26 17:21:55,2021-04-26 17:21:55
4055,215,Alpro yoghurt natuur ®,0.0200,125,2.6000,2.1000,ml,125 gram= 1 portie,2021-04-26 17:21:55,2021-04-26 17:21:55
4065,215,Alpro yoghurt Aardbei ®,0.0800,125,10.1000,8.1000,ml,125 gram= 1 potje,2021-04-26 17:21:55,2021-04-26 17:21:55
4075,215,Alpro yoghurt mild & creamy natuur ®,0.0200,125,2.6000,2.1000,ml,125 gram= 1 portie,2021-04-26 17:21:55,2021-04-26 17:21:55
4085,215,Alpro yoghurt mild & creamy vanille ®,0.0900,125,11.5000,9.2000,ml,125 gram= 1 portie,2021-04-26 17:21:55,2021-04-26 17:21:55
4095,215,Alpro Greek style aardbei-framboos ®,0.0900,150,13.2000,8.8000,ml,150 gram= 1 potje,2021-04-26 17:21:55,2021-04-26 17:21:55
4105,215,Alpro Greek style natuur ®,0.0300,125,3.3000,2.6000,ml,125 gram= 1 portie,2021-04-26 17:21:56,2021-04-26 17:21:56
4115,215,"Alpro yoghurt framboos, appel zonder toegevoegde suikers ®",0.0500,125,6.0000,4.8000,ml,125 gram= 1 portie,2021-04-26 17:21:56,2021-04-26 17:21:56
4125,215,"Alpro, dessert hazelnoot -chocolade ®",0.1200,125,14.6000,11.7000,ml,125 gram= 1 potje,2021-04-26 17:21:56,2021-04-26 17:21:56
4135,215,"Alpro, dessert chocolade ®",0.1300,125,15.9000,12.7000,ml,125 gram= 1 potje,2021-04-26 17:21:56,2021-04-26 17:21:56
4145,215,Sojadrink light original,0.0200,250,4.3000,1.7000,ml,250 ml= 1 brikje,2021-04-26 17:21:56,2021-04-26 17:21:56
4155,215,Sojadrink original,0.0300,250,6.3000,2.5000,ml,250 ml= 1 brikje,2021-04-26 17:21:56,2021-04-26 17:21:56
4165,225,"Almond no sugars, geroosterd",0.0000,150,0.0000,0.0000,ml,150 ml= 1 glas,2021-04-26 17:21:56,2021-04-26 17:21:56
4175,225,"Almond no sugars, ongeroosterd",0.0000,150,0.0000,0.0000,ml,NULL,2021-04-26 17:21:56,2021-04-26 17:21:56
4185,225,Almond dark chocolade,0.0800,150,11.6000,7.7000,ml,NULL,2021-04-26 17:21:56,2021-04-26 17:21:56
4195,225,Almond original,0.0200,150,3.6000,2.4000,ml,NULL,2021-04-26 17:21:56,2021-04-26 17:21:56
4205,225,Almond vanille,0.0400,150,5.7000,3.8000,ml,NULL,2021-04-26 17:21:56,2021-04-26 17:21:56
4215,235,"Hazelnoot drink, original",0.0300,150,4.7000,3.1000,ml,150 ml= 1 glas,2021-04-26 17:21:56,2021-04-26 17:21:56
4225,235,"Kokosnoot drink, original",0.0300,150,4.1000,2.7000,ml,NULL,2021-04-26 17:21:56,2021-04-26 17:21:56
4235,235,"Kokosnoot drink, zonder suiker",0.0000,150,0.0000,0.0000,ml,NULL,2021-04-26 17:21:56,2021-04-26 17:21:56
4245,235,"Rijstdrink, original",0.1000,150,14.3000,9.5000,ml,NULL,2021-04-26 17:21:56,2021-04-26 17:21:56
4255,235,"Haverdrank, original",0.0700,150,10.2000,6.8000,ml,NULL,2021-04-26 17:21:56,2021-04-26 17:21:56
4265,235,"Haverdrank, zonder suiker",0.0600,150,8.4000,5.6000,ml,NULL,2021-04-26 17:21:56,2021-04-26 17:21:56
4275,235,"Haverdrank choco, zonder suiker",0.0600,150,9.3000,6.2000,ml,NULL,2021-04-26 17:21:56,2021-04-26 17:21:56
4285,235,Kokos-amandeldrink,0.0300,150,3.8000,2.5000,ml,NULL,2021-04-26 17:21:56,2021-04-26 17:21:56
4295,235,Haver-amandeldrank,0.0200,150,3.6000,2.4000,ml,NULL,2021-04-26 17:21:56,2021-04-26 17:21:56
4305,245,Americaine,0.1400,15,2.1000,14.2000,ml,15 ml= 1 eetlepel,2021-04-26 17:21:56,2021-04-26 17:21:56
4315,245,"Bearnaise (warm, kant- en klaar)",0.0600,20,1.2000,5.8000,ml,20 ml= 1 eetlepel,2021-04-26 17:21:56,2021-04-26 17:21:56
4325,245,Bechamelsaus poeder (knorr®),0.1000,20,2.0000,10.0000,ml,"100 ml = bereid product, 20 ml = 1 eetlepel",2021-04-26 17:21:56,2021-04-26 17:21:56
4335,245,Bolognaisesaus met vlees,0.0700,25,1.6000,6.5000,ml,25 ml= 1 sauslepel,2021-04-26 17:21:56,2021-04-26 17:21:56
4345,245,Cocktailsaus,0.0800,15,1.2000,7.8000,ml,15 ml= 1 eetlepel,2021-04-26 17:21:56,2021-04-26 17:21:56
4355,245,Cocktailsaus light,0.1300,15,2.0000,13.4000,ml,15 ml= 1 eetlepel,2021-04-26 17:21:56,2021-04-26 17:21:56
4365,245,"Curry (koud, kant- en klaar)",0.0400,15,0.6000,3.9000,ml,15 ml= 1 eetlepel,2021-04-26 17:21:56,2021-04-26 17:21:56
4375,245,Dressing Becel ®,0.0800,15,1.1000,7.5000,ml,15 ml= 1 eetlepel,2021-04-26 17:21:56,2021-04-26 17:21:56
4385,245,Gaucamole,0.0300,15,0.4000,2.9000,ml,15 ml= 1 eetlepel,2021-04-26 17:21:56,2021-04-26 17:21:56
4395,245,Honig- mosterd dressing,0.1100,10,1.1000,11.0000,ml,10 ml= 1 eetlepel,2021-04-26 17:21:56,2021-04-26 17:21:56
4405,245,"Ketchup, curry",0.3000,15,4.5000,29.8000,ml,15 ml= 1 eetlepel,2021-04-26 17:21:56,2021-04-26 17:21:56
4415,245,"Ketchup, tomaten",0.2300,15,3.5000,23.2000,ml,15 ml= 1 eetlepel,2021-04-26 17:21:56,2021-04-26 17:21:56
4425,245,"Ketchup, verlaagd zout Heinz ®",0.1200,15,1.8000,12.0000,ml,15 ml= 1 eetlepel,2021-04-26 17:21:56,2021-04-26 17:21:56
4435,245,"Ketjap, Asin",0.4000,15,6.0000,40.0000,ml,15 ml= 1 eetlepel,2021-04-26 17:21:56,2021-04-26 17:21:56
4445,245,"Ketjap, Manis",0.5300,15,8.0000,53.0000,ml,15 ml= 1 eetlepel,2021-04-26 17:21:56,2021-04-26 17:21:56
4455,245,Knoflooksaus,0.0200,15,0.2000,1.6000,ml,15 ml= 1 eetlepel,2021-04-26 17:21:56,2021-04-26 17:21:56
4465,245,Loempiasaus,0.5700,15,8.6000,57.0000,ml,15 ml= 1 eetlepel,2021-04-26 17:21:56,2021-04-26 17:21:56
4475,245,Mayonaie light ei (30% vet),0.1000,15,1.5000,10.0000,ml,15 ml= 1 eetlepel,2021-04-26 17:21:56,2021-04-26 17:21:56
4485,245,Mayonaise,0.0200,15,0.2000,1.6000,ml,15 ml= 1 eetlepel,2021-04-26 17:21:56,2021-04-26 17:21:56
4495,245,Mosselsaus,0.0200,15,0.3000,2.3000,ml,15 ml= 1 eetlepel,2021-04-26 17:21:56,2021-04-26 17:21:56
4505,245,Mosterd,0.0700,15,1.0000,6.9000,ml,15 ml= 1 eetlepel,2021-04-26 17:21:57,2021-04-26 17:21:57
4515,245,"Pepersaus (warm, kant- en klaar)",0.0500,20,1.1000,5.3000,ml,20 ml= 1 eetlepel,2021-04-26 17:21:57,2021-04-26 17:21:57
4525,245,Pesto,0.0600,5,0.3000,6.2000,ml,5 ml= 1 koffielepel,2021-04-26 17:21:57,2021-04-26 17:21:57
4535,245,Pickles,0.0900,15,1.3000,8.9000,ml,15 ml= 1 eetlepel,2021-04-26 17:21:57,2021-04-26 17:21:57
4545,245,Pinda satésaus,0.2300,20,4.6000,23.0000,ml,20 ml= 1 eetlepel,2021-04-26 17:21:57,2021-04-26 17:21:57
4555,245,Sojasaus,0.0600,15,0.9000,5.7000,ml,15 ml= 1 eetlepel,2021-04-26 17:21:57,2021-04-26 17:21:57
4565,245,Vinaigrette bieslook (Vandemoortele ®),0.1000,10,1.0000,9.6000,ml,10 ml= 1 eetlepel (40 ml = 1 idividuele verpakking),2021-04-26 17:21:57,2021-04-26 17:21:57
4575,245,Vinaigrette light fijne kruiden (Vandemoor,0.1400,10,1.4000,13.9000,ml,10 ml= 1 eetlepel,2021-04-26 17:21:57,2021-04-26 17:21:57
4585,245,vinaigrette yoghurt,0.0800,10,0.8000,8.1000,ml,10 ml= 1 eeltepel,2021-04-26 17:21:57,2021-04-26 17:21:57
4595,245,Yogonaise,0.1200,20,2.4000,11.9000,ml,20 ml= 1 eetlepel,2021-04-26 17:21:57,2021-04-26 17:21:57
4605,245,Zoet zure saus,0.2100,15,3.1000,20.9000,ml,15 ml= 1 eetlepel,2021-04-26 17:21:57,2021-04-26 17:21:57
4615,255,"Fond, bruin",0.0200,12,0.3000,2.4000,ml,12 ml= 1 eetlepel,2021-04-26 17:21:57,2021-04-26 17:21:57
4625,265,"Aspergesoep (vers, ongebonden)",0.0300,250,7.8000,3.1000,gr,250 ml = 1 soepbord,2021-04-26 17:21:57,2021-04-26 17:21:57
4635,265,"Broccolisoep (vers, ongebonden)",0.0200,250,5.3000,2.1000,gr,NULL,2021-04-26 17:21:57,2021-04-26 17:21:57
4645,265,"Courgettesoep (vers, ongebonden)",0.0200,250,3.8000,1.5000,gr,NULL,2021-04-26 17:21:57,2021-04-26 17:21:57
4655,265,"Erwtensoep (vers, ongebonden)",0.0600,250,15.0000,6.0000,gr,NULL,2021-04-26 17:21:57,2021-04-26 17:21:57
4665,265,"Minestronesoep, vermicelli",0.0400,250,9.3000,3.7000,gr,NULL,2021-04-26 17:21:57,2021-04-26 17:21:57
4675,265,"Paprikasoep (vers, ongebonden)",0.0300,250,7.5000,3.0000,gr,NULL,2021-04-26 17:21:57,2021-04-26 17:21:57
4685,265,"Pompoensoep (vers, ongebonden)",0.0100,250,2.0000,0.8000,gr,NULL,2021-04-26 17:21:57,2021-04-26 17:21:57
4695,265,"Preisoep (vers, ongebonden)",0.0100,250,3.3000,1.3000,gr,NULL,2021-04-26 17:21:57,2021-04-26 17:21:57
4705,265,"Tomatensoep (vers, ongebonden)",0.0000,250,0.5000,0.2000,gr,NULL,2021-04-26 17:21:57,2021-04-26 17:21:57
4715,265,"Wortelsoep (vers, ongebonden)",0.0400,250,9.0000,3.6000,gr,NULL,2021-04-26 17:21:57,2021-04-26 17:21:57
4725,275,Agavesiroop,0.7500,5,3.8000,75.0000,gr,5 gram= 1 afgestreken koffielepel,2021-04-26 17:21:57,2021-04-26 17:21:57
4735,275,"Suiker, druivensuiker",0.9100,15,13.7000,91.0000,gr,15 gram= 1 afgestreken eetlepel,2021-04-26 17:21:57,2021-04-26 17:21:57
4745,275,"Suiker, kristalsuiker",1.0000,15,15.0000,99.9000,gr,15 gram= 1 afgestreken eetlepel,2021-04-26 17:21:57,2021-04-26 17:21:57
4755,275,"Tafelzoetstof obv. Aspartaam, acesulfaam-k",0.8200,0,0.1000,82.0000,gr,"0,1 gram= 1 tablet",2021-04-26 17:21:57,2021-04-26 17:21:57
4765,275,Tafelzoetstof obv. Rietsuiker en steviolglycosiden,1.0000,5,5.0000,99.5000,gr,5 gram= 1 afgestreken koffielepel,2021-04-26 17:21:57,2021-04-26 17:21:57
4775,275,Tafelzoetstof obv. Stevia,0.9400,1,0.5000,94.0000,gr,5 gram= 1 afgestreken koffielepel,2021-04-26 17:21:57,2021-04-26 17:21:57
4785,275,Tafelzoetstof obv. Sucralose,0.0000,5,0.0000,0.0000,gr,5 gram= 1 afgestreken koffielepel,2021-04-26 17:21:57,2021-04-26 17:21:57
4795,275,Tafelzoetstof Tagatesse,0.0000,5,0.0000,0.0000,gr,5 gram= 1 afgestreken koffielepel,2021-04-26 17:21:57,2021-04-26 17:21:57
4805,275,Tafelzoetstof obv. Agavesiroop en steviolglycosiden,0.7500,7,5.3000,75.0000,gr,7 gram= 1 afgestreken koffielepel,2021-04-26 17:21:57,2021-04-26 17:21:57
4815,285,Confituur aardbeien,0.6000,11,6.6000,60.0000,gr,"ken koffielepel, 20 gram= 1 cupje",2021-04-26 17:21:58,2021-04-26 17:21:58
4825,285,"Confituur aardbeien, verlaagd suikergehalte",0.3900,11,4.3000,39.0000,gr,1 gram= 1 afgestreken koffielepel,2021-04-26 17:21:58,2021-04-26 17:21:58
4835,285,"Confituur aardbeien, maltitol",0.1500,11,1.6000,14.7000,gr,1 gram= 1 afgestreken koffielepel,2021-04-26 17:21:58,2021-04-26 17:21:58
4845,285,"Confituur aardbeien, Tagatesse",0.0600,11,0.7000,6.3000,gr,1 gram= 1 afgestreken koffielepel,2021-04-26 17:21:58,2021-04-26 17:21:58
4855,285,"Confituur aardbeien, stevia",0.3300,11,3.6000,33.0000,gr,1 gram= 1 afgestreken koffielepel,2021-04-26 17:21:58,2021-04-26 17:21:58
4865,285,"Jam aardbeien, Céréal",0.0300,11,0.3000,3.1000,gr,1 gram= 1 afgestreken koffielepel,2021-04-26 17:21:58,2021-04-26 17:21:58
4875,295,Luikse siroop,0.6900,11,7.5900,69.0000,gr,100 1 gram= 1 afgestreken koffielepel,2021-04-26 17:21:58,2021-04-26 17:21:58
4885,295,Honing,0.8000,11,8.8000,80.0000,gr,100 1 gram= 1 afgestreken koffielepel,2021-04-26 17:21:58,2021-04-26 17:21:58
4895,295,Siroop appel-peer (Damhert),0.5500,11,6.0500,55.0000,gr,100 1 gram= 1 afgestreken koffielepel,2021-04-26 17:21:58,2021-04-26 17:21:58
4905,305,Chocopasta met hazelnoten,0.5600,12,6.7000,55.8000,gr,100 2 gram= 1 afgestreken koffielepel,2021-04-26 17:21:58,2021-04-26 17:21:58
4915,305,"Chocopasta, maltitol",0.0900,12,1.1000,9.4000,gr,100 2 gram= 1 afgestreken koffielepel,2021-04-26 17:21:58,2021-04-26 17:21:58
4925,305,"Chocopasta boerinneke, verlaagd suikergehalte",0.1900,12,2.3000,19.1000,gr,100 2 gram= 1 afgestreken koffielepel,2021-04-26 17:21:58,2021-04-26 17:21:58
4935,305,"Hagelslag, melkchocolade",0.7000,10,7.0000,70.0000,gr,10 gram= 1 afgestreken eetlepel,2021-04-26 17:21:58,2021-04-26 17:21:58
4945,305,"Matinettes, melkchocolade",0.5000,8,4.0000,49.8000,gr,8 gram= 1 matinette,2021-04-26 17:21:58,2021-04-26 17:21:58
4955,305,Speculaaspasta,0.5700,12,6.8000,57.0000,gr,100 2 gram= 1 afgestreken koffielepel,2021-04-26 17:21:58,2021-04-26 17:21:58
4965,315,"Burger, butternut/ emmentaler",0.1500,100,15.4000,15.4000,pc,100 gram= 1 stuk,2021-04-26 17:21:58,2021-04-26 17:21:58
4975,315,"Burger, falafel",0.1900,100,19.2000,19.2000,pc,100 gram= 1 stuk,2021-04-26 17:21:58,2021-04-26 17:21:58
4985,315,"Burger, gierst en bulgur",0.2900,100,29.0000,29.0000,pc,100 gram= 1 stuk,2021-04-26 17:21:58,2021-04-26 17:21:58
4995,315,"Burger, griekse pavé",0.1400,150,21.0000,14.0000,pc,150 gram= 1 stuk,2021-04-26 17:21:58,2021-04-26 17:21:58
5005,315,"Burger, hazelnoot",0.4100,90,37.2000,41.3000,pc,90 gram= 1 stuk,2021-04-26 17:21:58,2021-04-26 17:21:58
5015,315,"Burger, met soja",0.0400,100,4.0000,4.0000,pc,100 gram= 1 stuk,2021-04-26 17:21:58,2021-04-26 17:21:58
5025,315,"Burger, quinoa en bulgur",0.2700,100,27.0000,27.0000,pc,100 gram= 1 stuk,2021-04-26 17:21:58,2021-04-26 17:21:58
5035,315,"Burger, seitan en soja",0.1200,95,11.6000,12.2000,pc,95 gram= 1 portie,2021-04-26 17:21:58,2021-04-26 17:21:58
5045,315,"Burger, sesam",0.1400,60,8.5000,14.2000,pc,60 gram= 1 portie,2021-04-26 17:21:58,2021-04-26 17:21:58
5055,315,"Burger, spelt en bulgur met fijne groenten",0.2600,100,26.0000,26.0000,pc,100 gram= 1 stuk,2021-04-26 17:21:58,2021-04-26 17:21:58
5065,315,"Burger, spinazie/kaas",0.1700,100,16.5000,16.5000,pc,100 gram= 1 stuk,2021-04-26 17:21:58,2021-04-26 17:21:58
5075,315,"Burger, thaise pavé",0.1300,120,15.0000,12.5000,pc,120 gram= 1 stuk,2021-04-26 17:21:58,2021-04-26 17:21:58
5085,315,"Burger, vegi grills seitan/kaas",0.1900,90,16.9000,18.8000,pc,90 gram= 1 stuk,2021-04-26 17:21:58,2021-04-26 17:21:58
5095,315,"Falafel, onbereid",0.2400,25,6.0000,23.8000,pc,25 gram= 1 stuk,2021-04-26 17:21:58,2021-04-26 17:21:58
5105,315,Gehaktballetjes vegi,0.0500,25,1.3000,5.1000,pc,25 gram= 1 stuk,2021-04-26 17:21:58,2021-04-26 17:21:58
5115,315,Groenteburger (Iglo ®),0.2200,113,24.8000,22.0000,gr,"112,5 gram= 1 stuk",2021-04-26 17:21:58,2021-04-26 17:21:58
5125,315,Quorn filet,0.0600,69,4.1000,5.9000,gr,69 gram= 1 stuk,2021-04-26 17:21:58,2021-04-26 17:21:58
5135,315,Seitan,0.0600,100,6.0000,6.0000,gr,100 gram= 1 portie,2021-04-26 17:21:58,2021-04-26 17:21:58
5145,315,Tempeh,0.0100,75,1.0000,1.3000,gr,75 gram= 1 plak,2021-04-26 17:21:58,2021-04-26 17:21:58
5155,315,Tofu,0.0200,15,0.3000,2.0000,gr,15 gram= 1 blokje,2021-04-26 17:21:58,2021-04-26 17:21:58
5165,315,Vleesvervanger gepaneerd,0.1400,100,14.0000,14.0000,gr,100 gram= 1 portie,2021-04-26 17:21:58,2021-04-26 17:21:58
5175,325,"Ham, gesneden (vegi)",0.1500,20,3.1000,15.4000,gr,20 gram= 1 snede,2021-04-26 17:21:58,2021-04-26 17:21:58
5185,325,"Hummus, natuur",0.1000,25,2.5000,9.9000,gr,25 gram= 1 eetlepel,2021-04-26 17:21:58,2021-04-26 17:21:58
5195,325,"Hummus, pompoen",0.0900,25,2.1000,8.5000,gr,25 gram= 1 eetlepel,2021-04-26 17:21:58,2021-04-26 17:21:58
5205,325,"Salade, mango curry",0.1100,20,2.2000,10.8000,gr,20 gram= 1 portie,2021-04-26 17:21:59,2021-04-26 17:21:59
5215,325,Salami (vegi),0.1800,20,3.6000,18.0000,gr,20 gram= 1 snede,2021-04-26 17:21:59,2021-04-26 17:21:59
5225,325,Sesampasta,0.0400,15,0.6000,3.8000,gr,15 gram= 1 eetlepel,2021-04-26 17:21:59,2021-04-26 17:21:59
5235,325,Spread komkommer,0.1400,20,2.7000,13.5000,gr,20 gram= 1 portie,2021-04-26 17:21:59,2021-04-26 17:21:59
5245,325,Spread sandwich,0.1300,20,2.5000,12.6000,gr,20 gram= 1 portie,2021-04-26 17:21:59,2021-04-26 17:21:59
5255,325,"Spread, groenten wortel-tomaat",0.1700,20,3.4000,16.8000,gr,20 gram= 1 portie,2021-04-26 17:21:59,2021-04-26 17:21:59
5265,335,Amandelnoot,0.0600,20,1.1000,5.6000,gr,20 gram= 1 handje,2021-04-26 17:21:59,2021-04-26 17:21:59
5275,335,Cashewnoot,0.2100,20,4.1000,20.5000,gr,20 gram= 1 handje,2021-04-26 17:21:59,2021-04-26 17:21:59
5285,335,Hazelnoot,0.0500,20,1.0000,4.8000,gr,20 gram= 1 handje,2021-04-26 17:21:59,2021-04-26 17:21:59
5295,335,"Kastanje, gepeld",0.4100,4,1.6000,41.2000,gr,4 gram= 1 stuk,2021-04-26 17:21:59,2021-04-26 17:21:59
5305,335,Pijnboompit,0.0500,10,0.5000,5.0000,gr,10 gram= 1 eetlepel,2021-04-26 17:21:59,2021-04-26 17:21:59
5315,335,Pinda,0.1200,20,2.4000,11.8000,gr,20 gram= 1 handje,2021-04-26 17:21:59,2021-04-26 17:21:59
5325,335,Pistache,0.0900,20,1.9000,9.3000,gr,20 gram= 1 handje,2021-04-26 17:21:59,2021-04-26 17:21:59
5335,335,Pompoenpit,0.1500,15,2.3000,15.2000,gr,15 gram= 1 eetlepel,2021-04-26 17:21:59,2021-04-26 17:21:59
5345,335,Sesamzaadjes,0.0400,12,0.5000,4.0000,gr,12 gram= 1 eetlepel,2021-04-26 17:21:59,2021-04-26 17:21:59
5355,335,Walnoot,0.0300,10,0.3000,2.7000,gr,10 gram= 1 noot (in dop),2021-04-26 17:21:59,2021-04-26 17:21:59
5365,335,Zonnebloempit,0.1300,15,2.0000,13.0000,gr,15 gram= 1 eetlepel,2021-04-26 17:21:59,2021-04-26 17:21:59
5375,345,Kalkoen,0.0000,160,0.0000,0.0000,gr,160 gram= 1 stuk,2021-04-26 17:21:59,2021-04-26 17:21:59
5385,345,Kippenborst zonder vel,0.0000,160,0.0000,0.0000,gr,160 gram= 1 stuk,2021-04-26 17:21:59,2021-04-26 17:21:59
5395,345,"Runderstoofvlees, onbereid",0.0000,30,0.0000,0.0000,gr,30 gram= 1 blokje,2021-04-26 17:21:59,2021-04-26 17:21:59
5405,345,"Rundsvlees, biefstuk",0.0000,175,0.0000,0.0000,gr,175 gram= 1 stuk,2021-04-26 17:21:59,2021-04-26 17:21:59
5415,345,Varkenshaas,0.0000,140,0.0000,0.0000,gr,140 gram= 1 stuk,2021-04-26 17:21:59,2021-04-26 17:21:59
5425,355,Baconreepjes,0.0100,50,0.5000,0.9000,gr,50 gram=1 portie,2021-04-26 17:21:59,2021-04-26 17:21:59
5435,355,"Balletjes, oosters",0.1100,25,2.8000,11.3000,gr,25 gram= 1 stuk,2021-04-26 17:21:59,2021-04-26 17:21:59
5445,355,"Beuling, wit",0.0600,150,9.5000,6.3000,gr,150 gram= 1 stuk,2021-04-26 17:21:59,2021-04-26 17:21:59
5455,355,"Beuling, zwart",0.0900,150,13.8000,9.2000,gr,150 gram= 1 stuk,2021-04-26 17:21:59,2021-04-26 17:21:59
5465,355,Blinde vink,0.0000,120,0.0000,0.0000,gr,120 gram= 1 stuk,2021-04-26 17:21:59,2021-04-26 17:21:59
5475,355,Chipolata worst,0.0100,80,0.4000,0.5000,gr,80 gram= 1 stuk,2021-04-26 17:21:59,2021-04-26 17:21:59
5485,355,Cordon blue met ham en kaas,0.1500,100,14.5000,14.5000,gr,100 gram= 1 stuk,2021-04-26 17:21:59,2021-04-26 17:21:59
5495,355,"Gehakt, gemengd",0.0200,80,1.9000,2.4000,gr,80 gram= 1 gehaktbal,2021-04-26 17:21:59,2021-04-26 17:21:59
5505,355,"Hamburger, zuiver rund",0.0090,120,1.1000,0.9000,gr,120 gram= 1 stuk,2021-04-26 17:21:59,2021-04-26 17:21:59
5515,355,"Hamburger, diepvries (Mora®)",0.0360,80,2.9000,3.6000,gr,80 gram= 1 stuk,2021-04-26 17:21:59,2021-04-26 17:21:59
5525,355,Kippen nuggets,0.1800,25,4.5000,18.0000,gr,25 gram= 1 stuk,2021-04-26 17:21:59,2021-04-26 17:21:59
5535,355,Kippengehakt,0.0070,80,0.6000,0.7000,gr,80 gram= 1 gehaktbal,2021-04-26 17:21:59,2021-04-26 17:21:59
5545,355,"Schnitzel, varken gepaneerd",0.1310,150,19.7000,13.1000,gr,150 gram= 1 stuk,2021-04-26 17:21:59,2021-04-26 17:21:59
5555,355,"Soepballetjes (diepvries, gekookt)",0.0910,4,0.4000,9.1000,gr,4 gram= 1 balletje,2021-04-26 17:21:59,2021-04-26 17:21:59
5565,365,"Américain, prepare",0.0400,20,0.8000,3.8000,gr,20 gram= 1 portie,2021-04-26 17:21:59,2021-04-26 17:21:59
5575,365,Blok paté,0.0200,20,0.3000,1.5000,gr,20 gram= 1 snede,2021-04-26 17:21:59,2021-04-26 17:21:59
5585,365,Gekookte ham,0.0000,25,0.1000,0.4000,gr,25 gram= 1 snede,2021-04-26 17:21:59,2021-04-26 17:21:59
5595,365,Gerookt vlees,0.0100,20,0.1000,0.5000,gr,20 gram= 1 snede,2021-04-26 17:21:59,2021-04-26 17:21:59
5605,365,Hespenworst,0.0300,20,0.6000,3.1000,gr,20 gram= 1 snede,2021-04-26 17:21:59,2021-04-26 17:21:59
5615,365,"Kipfilet, natuur",0.0100,20,0.2000,1.0000,gr,20 gram= 1 snede,2021-04-26 17:21:59,2021-04-26 17:21:59
5625,365,Paté met appel,0.0400,20,1.0000,4.1000,gr,20 gram= 1 portie,2021-04-26 17:22:00,2021-04-26 17:22:00
5635,365,"Salade, kipcurry",0.0500,20,1.0000,4.9000,gr,20 gram= 1 portie,2021-04-26 17:22:00,2021-04-26 17:22:00
5645,365,Vleesbrood,0.0500,25,1.3000,5.3000,gr,25 gram= 1 portie,2021-04-26 17:22:00,2021-04-26 17:22:00
5655,375,Gepelde grijze garnalen,0.0100,200,1.0000,0.5000,gr,200 gram= 1 bakje,2021-04-26 17:22:00,2021-04-26 17:22:00
5665,375,Kabeljauw,0.0000,125,0.0000,0.0000,gr,125 gram= 1 stuk,2021-04-26 17:22:00,2021-04-26 17:22:00
5675,375,Makreel,0.0000,145,0.0000,0.0000,gr,145 gram= 1 stuk,2021-04-26 17:22:00,2021-04-26 17:22:00
5685,375,Mosselen,0.0200,1000,20.0000,2.0000,gr,1000 gram= 1 maaltijd,2021-04-26 17:22:00,2021-04-26 17:22:00
5695,375,Oester,0.0400,20,0.8000,4.2000,gr,20 gram= 1 grote oester,2021-04-26 17:22:00,2021-04-26 17:22:00
5705,375,Zalm,0.0000,150,0.0000,0.0000,gr,150 gram= 1 stuk,2021-04-26 17:22:00,2021-04-26 17:22:00
5715,385,Fish stick,0.1800,30,5.4000,18.0000,gr,30 gram= 1 stuk,2021-04-26 17:22:00,2021-04-26 17:22:00
5725,385,Garnaalkroket,0.1400,70,9.5000,13.6000,gr,70 gram= 1 stuk,2021-04-26 17:22:00,2021-04-26 17:22:00
5735,395,Borrelnootjes,0.5400,25,13.4000,53.5000,gr,25 gram=1 handje,2021-04-26 17:22:00,2021-04-26 17:22:00
5745,395,"Chips, light",0.6200,10,6.2000,61.8000,gr,10 gram=  1 handje,2021-04-26 17:22:00,2021-04-26 17:22:00
5755,395,"Chips, oven gebakken",0.7100,10,7.1000,71.0000,gr,10 gram= 1 handje,2021-04-26 17:22:00,2021-04-26 17:22:00
5765,395,"Chips, paprika",0.5200,45,23.3000,51.7000,gr,45 gram= 1 klein zakje,2021-04-26 17:22:00,2021-04-26 17:22:00
5775,395,Gezouten nootjes,0.1000,30,3.0000,10.1000,gr,30  gram= 1 handje,2021-04-26 17:22:00,2021-04-26 17:22:00
5785,395,Kroepoek naturel,0.6400,15,9.7000,64.4000,gr,15 gram=  1 handje,2021-04-26 17:22:00,2021-04-26 17:22:00
5795,395,Tuc original,0.6700,4,2.4000,67.0000,gr,"3,6 gram= 1 stuk",2021-04-26 17:22:00,2021-04-26 17:22:00
5805,395,Zoute stokjes,0.7200,25,18.0000,72.0000,gr,25 gram= 1 portie,2021-04-26 17:22:00,2021-04-26 17:22:00
5815,405,Bounty®,0.5900,29,16.8000,58.9000,gr,"28,5 gram= 1 bounty",2021-04-26 17:22:00,2021-04-26 17:22:00
5825,405,"Chocolade, melk",0.5600,25,14.0000,56.0000,gr,25 gram= 1 blokje,2021-04-26 17:22:00,2021-04-26 17:22:00
5835,405,"Chocolade, wit",0.5900,25,14.7000,58.6000,gr,25 gram= 1 blokje,2021-04-26 17:22:00,2021-04-26 17:22:00
5845,405,"Chocolade, puur",0.4800,25,11.9000,47.6000,gr,25 gram= 1 blokje,2021-04-26 17:22:00,2021-04-26 17:22:00
5855,405,"Chocoladereep, melk met maltitol",0.1000,25,2.4000,9.5000,gr,25 gram= 1 blokje,2021-04-26 17:22:00,2021-04-26 17:22:00
5865,405,"Chocoladetablet, puur met stevia",0.1000,25,2.4000,9.6000,gr,25 gram= 1 blokje,2021-04-26 17:22:00,2021-04-26 17:22:00
5875,405,Honing pinda,0.3100,25,7.8000,31.0000,gr,25 gram= 1 handje,2021-04-26 17:22:00,2021-04-26 17:22:00
5885,405,Kauwgom,0.8000,3,2.0000,79.5000,gr,"2,5 gram= 1 stuk",2021-04-26 17:22:00,2021-04-26 17:22:00
5895,405,Kauwgom zonder suiker,0.0000,3,0.0000,0.0000,gr,"2,5 gram= 1 stuk",2021-04-26 17:22:00,2021-04-26 17:22:00
5905,405,Kinder bueno ®,0.5000,43,21.3000,49.5000,gr,43 gram= 1 pakje (2 repen),2021-04-26 17:22:00,2021-04-26 17:22:00
5915,405,Leo ®,0.5900,33,19.6000,59.0000,gr,"33,3 gram= 1 leo",2021-04-26 17:22:00,2021-04-26 17:22:00
5925,405,Lion ®,0.6500,42,27.1000,64.6000,gr,42 gram= 1 reep,2021-04-26 17:22:00,2021-04-26 17:22:00
5935,405,M&M's choco ®,0.7000,45,31.5000,70.0000,gr,"45 gram= 1 klein zakje,  2,0 gram= 1 stuk",2021-04-26 17:22:00,2021-04-26 17:22:00
5945,405,Maltesers®,0.6200,37,22.8000,61.5000,gr,"37 gram= 1 klein zakje, 2,0 gram= 1 stuk",2021-04-26 17:22:00,2021-04-26 17:22:00
5955,405,Mars®,0.7000,51,35.8000,70.2000,gr,51 gram= 1 reep,2021-04-26 17:22:00,2021-04-26 17:22:00
5965,405,Milky Way®,0.7200,22,15.9000,72.4000,gr,"21,9 gram= 1 stuk",2021-04-26 17:22:00,2021-04-26 17:22:00
5975,405,"Popcorn, gezoet",0.7200,10,7.2000,72.0000,gr,10 gram= 1 handje,2021-04-26 17:22:00,2021-04-26 17:22:00
5985,405,Praline,0.7300,15,5.3000,52.9000,gr,15 gram= 1 stuk,2021-04-26 17:22:00,2021-04-26 17:22:00
5995,405,Snickers ®,0.6000,50,30.1000,60.2000,gr,50 gram= 1 stuk,2021-04-26 17:22:00,2021-04-26 17:22:00
6005,405,"Snoepgoed, goudbeertjes",0.7800,20,7.8000,78.0000,gr,2 gram= 1 stuk,2021-04-26 17:22:00,2021-04-26 17:22:00
6015,405,"Snoepgoed, aardbeien",0.8200,11,9.0000,82.0000,gr,11 gram= 1 stuk,2021-04-26 17:22:01,2021-04-26 17:22:01
6025,405,"Snoepgoed, colaflesjes zonder suiker",0.0000,4,0.0000,0.2000,gr,"3,5 gram= 1 stuk",2021-04-26 17:22:01,2021-04-26 17:22:01
6035,405,Twix ®,0.6500,25,16.2000,64.6000,gr,25 gram= 1 reep,2021-04-26 17:22:01,2021-04-26 17:22:01
6045,415,Bokkenpootjes,0.6700,13,8.4000,67.0000,gr,"12,5 gram= 1 stuk",2021-04-26 17:22:01,2021-04-26 17:22:01
6055,415,Boudoir,0.8400,5,4.5000,84.0000,gr,"5,3 gram= 1 stuk",2021-04-26 17:22:01,2021-04-26 17:22:01
6065,415,Brownie,0.5400,33,17.8000,54.0000,gr,33 gram= 1 stuk,2021-04-26 17:22:01,2021-04-26 17:22:01
6075,415,"Cake, Lu ® beertje met chocolade",0.5300,30,15.9000,53.1000,gr,30 gram= 1 stuk,2021-04-26 17:22:01,2021-04-26 17:22:01
6085,415,"Cake, sterren natuur",0.5900,31,18.4000,59.0000,gr,"31,25 gram= 1 stuk",2021-04-26 17:22:01,2021-04-26 17:22:01
6095,415,Cent wafers,0.5900,45,26.6000,59.0000,gr,45 gram= 1 indivueel pakje,2021-04-26 17:22:01,2021-04-26 17:22:01
6105,415,Choco-As,0.7000,20,14.0000,70.0000,gr,20 gram= 1 stuk,2021-04-26 17:22:01,2021-04-26 17:22:01
6115,415,Churros,0.4200,20,8.4000,42.2000,gr,"20 gram= 1 stuk, 90 gram= +/- 1 portie",2021-04-26 17:22:01,2021-04-26 17:22:01
6125,415,Cigarettes Russes,0.6400,8,4.8000,63.9000,gr,"7,5 gram= 1 stuk",2021-04-26 17:22:01,2021-04-26 17:22:01
6135,415,Dinosaurus chocolade (Lotus®),0.6600,56,36.8000,65.5000,gr,"56,25 gram= 1 pakje, 19 gram= 1 koekje",2021-04-26 17:22:01,2021-04-26 17:22:01
6145,415,Eierkoek,0.6200,70,43.4000,62.0000,gr,70 gram= 1 grote eierkoek,2021-04-26 17:22:01,2021-04-26 17:22:01
6155,415,Familiewafel,1.0700,28,19.1000,58.0000,gr,28 gram= 1 stuk,2021-04-26 17:22:01,2021-04-26 17:22:01
6165,415,Frangipane (Lotus ®),0.5500,52,28.6000,55.0000,gr,52 gram= 1 stuk,2021-04-26 17:22:01,2021-04-26 17:22:01
6175,415,Frangipane mini (Lotus ® ),0.5600,33,18.2000,56.0000,gr,"32,5 gram= 1 stuk",2021-04-26 17:22:01,2021-04-26 17:22:01
6185,415,Galetten fijn (Lotus ®),0.6800,5,3.3000,68.0000,gr,"4,79 gram= 1 stuk",2021-04-26 17:22:01,2021-04-26 17:22:01
6195,415,Gâteau delacre ®,0.7500,36,26.8000,75.0000,gr,"35,7 gram= 1 koek",2021-04-26 17:22:01,2021-04-26 17:22:01
6205,415,Graanreep gevuld met rode vruchten,0.7600,21,16.0000,76.0000,gr,21 gram= 1 reep,2021-04-26 17:22:01,2021-04-26 17:22:01
6215,415,"Graanreep, Fitness chocolade ®",0.6800,24,15.9000,67.6000,gr,"23,5 gram= 1 reep",2021-04-26 17:22:01,2021-04-26 17:22:01
6225,415,"Graanreep, Rice Krispies Kellogg's ®",0.7300,20,14.6000,73.0000,gr,20 gram= 1 reep,2021-04-26 17:22:01,2021-04-26 17:22:01
6235,415,Grany Biscuit Appel (Lu®),0.6500,29,18.6000,65.1000,gr,"28,5 gram= 1 pakje (2 koeken)",2021-04-26 17:22:01,2021-04-26 17:22:01
6245,415,Grany zacht Abrikoos-Appel (Lu®),0.6100,33,19.8000,61.0000,gr,"32,5 gram= 1 stuk",2021-04-26 17:22:01,2021-04-26 17:22:01
6255,415,Honingwafel/stroopwafel,0.7000,30,20.9000,69.5000,gr,30 gram= 1 stuk,2021-04-26 17:22:01,2021-04-26 17:22:01
6265,415,Kempische Galetten,0.6700,28,18.8000,67.0000,gr,28 gram= 1 stuk,2021-04-26 17:22:01,2021-04-26 17:22:01
6275,415,Luikse wafel,0.5500,50,27.5000,55.0000,gr,"50 gram= 1 middelgrote wafel, 90 gram= 1 grote",2021-04-26 17:22:01,2021-04-26 17:22:01
6285,415,Luikse wafel mini,0.5500,30,16.5000,55.0000,gr,30 gram= 1 mini wafel,2021-04-26 17:22:01,2021-04-26 17:22:01
6295,415,Madeleine cake,0.5600,25,13.9000,55.6000,gr,25 gram= 1 stuk,2021-04-26 17:22:01,2021-04-26 17:22:01
6305,415,Mariakoekje,0.7900,6,4.7000,78.5000,gr,6 gram= 1 stuk,2021-04-26 17:22:01,2021-04-26 17:22:01
6315,415,Melkschijfje,0.3400,28,9.5000,34.0000,gr,28 gram= 1 stuk,2021-04-26 17:22:01,2021-04-26 17:22:01
6325,415,Mergpijpje,0.6300,29,18.1000,63.3000,gr,"28,57 gram= 1 stuk",2021-04-26 17:22:01,2021-04-26 17:22:01
6335,415,Mikado Lu ®,0.6800,2,1.6000,68.0000,gr,"2,3 gram= 1 stokje, 75 gram= 1 pakje",2021-04-26 17:22:01,2021-04-26 17:22:01
6345,415,Nic- Nac,0.7900,25,19.8000,79.0000,gr,25 gram= 1 portie,2021-04-26 17:22:01,2021-04-26 17:22:01
6355,415,Oreokoeken,0.6800,11,7.5000,68.0000,gr,11 gram= 1 stuk,2021-04-26 17:22:01,2021-04-26 17:22:01
6365,415,Pannenkoek kant- en klaar,0.3500,60,21.0000,35.0000,gr,60 gram= 1 stuk,2021-04-26 17:22:02,2021-04-26 17:22:02
6375,415,Peperkoek,0.7400,23,17.0000,74.0000,gr,23 gram= 1 stuk,2021-04-26 17:22:02,2021-04-26 17:22:02
6385,415,Peperkoek met parelsuiker,0.7500,25,18.8000,75.0000,gr,25 gram= 1 stuk,2021-04-26 17:22:02,2021-04-26 17:22:02
6395,415,Peperkoek verlaagd suiker,0.3000,25,7.5000,30.0000,gr,25 gram= 1 stuk,2021-04-26 17:22:02,2021-04-26 17:22:02
6405,415,Plop koek,0.5900,22,13.1000,59.0000,gr,"22,2 gram= 1 pakje (2 koeken)",2021-04-26 17:22:02,2021-04-26 17:22:02
6415,415,Princekoek vanile/chocolade,0.7300,20,14.6000,73.0000,gr,20 gram= 1 koek,2021-04-26 17:22:02,2021-04-26 17:22:02
6425,415,Rijstwafel,0.7800,10,7.8000,78.0000,gr,10 gram= 1 stuk,2021-04-26 17:22:02,2021-04-26 17:22:02
6435,415,Rijstwafel met chocolade,0.6500,17,11.1000,65.0000,gr,17 gram= 1 stuk,2021-04-26 17:22:02,2021-04-26 17:22:02
6445,415,Smurfenkoek,0.6300,25,15.8000,63.2000,gr,25 gram= 1 pakje (2 koeken),2021-04-26 17:22:02,2021-04-26 17:22:02
6455,415,Speciak K Mini break chocolade ®,0.7500,24,18.0000,75.0000,gr,24 gram= 1 zakje,2021-04-26 17:22:02,2021-04-26 17:22:02
6465,415,Speculaas,0.7300,8,5.8000,72.5000,gr,8 gram= 1 stuk,2021-04-26 17:22:02,2021-04-26 17:22:02
6475,415,Sprits koek,0.5800,23,13.1000,58.0000,gr,"22,5 gram= 1 stuk",2021-04-26 17:22:02,2021-04-26 17:22:02
6485,415,Vitabis koek,0.7200,29,21.0000,72.0000,gr,"29,2 gram= 1 pakje (2 koeken)",2021-04-26 17:22:02,2021-04-26 17:22:02
6495,415,Zoo koekjes,0.7500,125,93.8000,75.0000,gr,125 gram= 1 volledig zakje,2021-04-26 17:22:02,2021-04-26 17:22:02
6505,425,Aardbeientaart,0.2800,120,33.6000,28.0000,gr,120 gram= 1 spie,2021-04-26 17:22:02,2021-04-26 17:22:02
6515,425,Amandeltaartje,0.2900,80,23.0000,28.7000,gr,80 gram= 1 spie,2021-04-26 17:22:02,2021-04-26 17:22:02
6525,425,Appelbol,0.3100,150,46.5000,31.0000,gr,150 gram= 1  stuk,2021-04-26 17:22:02,2021-04-26 17:22:02
6535,425,Appelflap,0.3900,110,42.5000,38.6000,gr,110 gram= 1 stuk,2021-04-26 17:22:02,2021-04-26 17:22:02
6545,425,Bananentaart (geen slagroom),0.2900,120,34.8000,29.0000,gr,120 gram= 1 spie,2021-04-26 17:22:02,2021-04-26 17:22:02
6555,425,Bavarois,0.2100,110,23.1000,21.0000,gr,110 gram= 1 potje,2021-04-26 17:22:02,2021-04-26 17:22:02
6565,425,Berlijnse bol,0.3200,105,33.7000,32.1000,gr,105 gram= 1 stuk,2021-04-26 17:22:02,2021-04-26 17:22:02
6575,425,"Cake, appel",0.4000,50,20.0000,40.0000,gr,50 gram= 1 snede 2 cm,2021-04-26 17:22:02,2021-04-26 17:22:02
6585,425,Chocoladebroodje,0.4200,75,31.5000,42.0000,gr,75 gram= 1 stuk,2021-04-26 17:22:02,2021-04-26 17:22:02
6595,425,Croissant,0.4200,70,29.6000,42.3000,gr,70 gram= 1 stuk,2021-04-26 17:22:02,2021-04-26 17:22:02
6605,425,Cupcake,0.6400,48,30.8000,64.2000,gr,48 gram= 1 cupcake,2021-04-26 17:22:02,2021-04-26 17:22:02
6615,425,"Donut, gesuikerd",0.4500,51,22.8000,44.7000,gr,51 gram= 1 stuk,2021-04-26 17:22:02,2021-04-26 17:22:02
6625,425,Eclair/soes,0.3200,110,35.4000,32.2000,gr,110 gram= 1 stuk,2021-04-26 17:22:02,2021-04-26 17:22:02
6635,425,Fruitbiscuit met slagroom,0.3800,120,45.2000,37.7000,gr,120 gram = 1 spie,2021-04-26 17:22:02,2021-04-26 17:22:02
6645,425,Hotelcake,0.4600,30,13.7000,45.7000,gr,30 gram= 1 plak,2021-04-26 17:22:02,2021-04-26 17:22:02
6655,425,Koekjestaart met hagelslag,0.4600,90,41.8000,46.4000,gr,90 gram= 1 portie,2021-04-26 17:22:02,2021-04-26 17:22:02
6665,425,Koffiekoek chocolade-pudding,0.3000,148,44.5000,30.1000,gr,148 gram= 1 stuk,2021-04-26 17:22:02,2021-04-26 17:22:02
6675,425,"Muffin, Chocolade",0.4600,100,46.0000,46.0000,gr,100 gram= 1 muffin  (vb. Panos ®),2021-04-26 17:22:02,2021-04-26 17:22:02
6685,425,Plattekaastaart,0.2900,120,34.9000,29.1000,gr,120 gram= 1 spie,2021-04-26 17:22:02,2021-04-26 17:22:02
6695,425,"Taart, crème au beurre",0.3900,100,39.0000,39.0000,gr,100 gram= 1 spie,2021-04-26 17:22:02,2021-04-26 17:22:02
6705,425,Tompoes/ glacé,0.4100,130,53.3000,41.0000,gr,130 gram= 1 stuk,2021-04-26 17:22:02,2021-04-26 17:22:02